number_of_match,team_home,team_away,home_score,away_score,posession_home,posession_away,total_shots_home,total_shots_away,shots_on_target_home,shots_on_target_away,shots_off_target_home,shots_off_target_away,blocked_shots_home,blocked_shots_away,corner_kicks_home,corner_kicks_away,offsides_home,offsides_away,fouls_home,fouls_away,yellow_cards_home,yellow_cards_away,red_cards_home,red_cards_away,free_kicks_home,free_kicks_away,throw_ins_home,throw_ins_away,goal_kicks_home,goal_kicks_away,big_chances_home,big_chances_away,big_chances_missed_home,big_chances_missed_away,hit_woodwork_home,hit_woodwork_away,counter_attacks_home,counter_attacks_away,counter_attacks_shots_home,counter_attacks_shots_away,shots_inside_box_home,shots_inside_box_away,shots_outside_box_home,shots_outside_box_away,goalkeeper_saves_home,goalkeeper_saves_away,passes_home,passes_away,accurate_passes_home,accurate_passes_away,long_balls_home,long_balls_away,crosses_home,crosses_away,dribbles_home,dribbles_away,possesion_lost_home,possesion_lost_away,duels_won_home,duels_won_away,aerials_won_home,aerials_won_away,tackles_home,tackles_away,interceptions_home,interceptions_away,clearences_home,clearences_away
16,1. FSV Mainz 05,1. FC Union Berlin,0,0,50,50,11,10,5,2,4,4,2,4,4,4,1,0,9,14,1,0,0,0,14,9,,,9,8,,,,,,,,,,,7,2,4,8,2,5,393,402,295,298,35,31,1,4,6,6,,,53,52,23,29,10,8,17,8,,
4,VfL Bochum,1. FSV Mainz 05,1,2,60,40,16,13,3,6,10,5,3,2,3,5,1,1,11,16,2,3,0,0,16,11,,,8,10,1,3,1,2,,,1,0,,,4,9,12,4,4,2,539,350,429,233,52,28,5,5,3,4,,,55,53,19,24,19,14,8,13,,
23,VfL Wolfsburg,FC Schalke 04,0,0,72,28,17,10,6,2,5,7,6,1,12,4,2,8,13,10,1,3,0,0,10,13,,,6,7,1,1,1,1,,,,,,,12,6,5,4,2,6,588,226,505,144,55,27,7,2,6,4,,,51,57,24,18,11,23,3,10,,
13,Werder Bremen,VfB Stuttgart,2,2,57,43,5,14,3,7,2,3,0,4,2,5,,,6,10,4,2,0,0,10,6,,,9,9,1,2,0,1,1,0,1,3,,,4,7,1,7,5,1,562,422,466,321,41,24,2,3,5,11,,,49,51,13,11,21,23,8,5,,
10,Bayer 04 Leverkusen,FC Augsburg,1,2,67,33,24,6,10,4,7,1,7,1,7,3,3,2,7,15,1,6,0,0,14,7,,,6,16,6,1,6,0,,,2,0,,,18,2,6,4,2,9,516,259,418,146,24,23,11,0,9,4,,,55,53,17,22,15,20,12,12,,
2,Borussia M'gladbach,1899 Hoffenheim,3,1,62,38,18,2,7,1,7,1,4,0,5,1,2,2,18,12,1,4,0,1,12,17,,,2,8,3,0,1,0,1,0,2,0,,,12,1,6,1,0,4,611,383,539,299,19,17,3,0,3,3,,,30,40,8,9,7,11,9,5,,
21,FC Augsburg,1. FSV Mainz 05,1,2,51,49,7,13,2,6,2,4,3,3,3,3,1,4,13,19,2,2,0,0,19,12,,,11,3,0,4,0,3,,,,,,,3,8,4,5,4,1,384,359,268,268,14,24,1,3,7,9,,,48,56,8,26,14,9,8,17,,
0,Eintracht Frankfurt,Bayern München,1,6,37,63,8,23,2,10,5,6,1,7,5,6,4,3,10,11,2,0,0,0,11,10,,,9,4,2,9,1,5,1,3,0,2,,,5,14,3,9,4,1,359,625,275,548,17,25,3,5,10,9,,,43,42,6,3,16,20,17,11,,
19,Bayer 04 Leverkusen,1899 Hoffenheim,0,3,56,44,14,10,3,5,6,3,5,2,3,1,1,2,14,17,1,4,0,0,17,13,,,7,9,1,1,1,0,1,0,1,0,,,6,7,8,3,2,3,443,351,364,276,21,26,3,3,11,8,,,50,50,6,10,16,19,10,18,,
8,1. FC Köln,FC Schalke 04,3,1,75,25,32,5,12,2,11,2,9,1,9,1,2,1,8,10,0,1,0,1,10,8,,,3,13,5,0,3,0,0,1,,,,,23,3,9,2,1,7,610,206,533,127,35,18,14,3,12,4,,,66,31,24,10,20,9,12,15,,
29,FC Schalke 04,1. FC Union Berlin,1,6,59,41,16,12,7,7,7,3,2,2,8,2,0,3,9,10,1,0,0,0,9,9,,,6,8,1,0,,,0,1,0,1,,,13,9,3,3,1,6,480,341,382,232,31,26,12,5,3,2,,,47,43,31,21,5,11,13,7,,
63,Bayern München,Bayer 04 Leverkusen,4,0,62,38,20,10,9,5,6,3,5,2,6,2,,,10,6,,,0,0,6,10,,,5,13,2,2,1,2,,,,,,,15,6,5,4,5,5,641,396,571,333,28,22,6,3,10,8,,,41,45,8,13,17,15,5,13,,
33,Bayern München,Borussia M'gladbach,1,1,69,31,33,5,20,3,7,2,6,0,14,1,7,0,13,7,4,2,0,0,6,12,,,5,12,4,1,4,0,1,0,1,0,,,22,4,11,1,2,19,611,286,543,196,41,18,9,1,14,5,,,48,45,12,7,16,21,9,4,,
12,RB Leipzig,1. FC Köln,2,2,52,48,9,13,5,4,3,3,1,6,2,7,1,1,8,18,1,4,1,0,17,7,,,11,9,2,2,1,1,,,1,1,,,5,7,4,6,3,3,440,396,362,317,34,26,2,2,10,10,,,48,49,13,13,8,19,8,14,,
38,Bayer 04 Leverkusen,SC Freiburg,2,3,50,50,15,6,6,4,2,0,7,2,8,4,2,1,15,10,2,2,0,0,9,15,,,3,3,2,3,1,0,,,,,,,11,5,4,1,0,4,418,430,355,361,25,32,2,2,13,2,,,38,41,10,13,6,12,5,9,,
55,Bayer 04 Leverkusen,Werder Bremen,1,1,54,46,19,19,7,7,11,7,1,5,9,6,1,2,5,14,2,3,0,0,14,5,,,6,12,2,3,2,2,2,0,0,3,,,16,13,3,6,6,6,500,437,412,353,26,41,3,4,6,6,,,46,49,15,13,11,25,7,7,,
43,FC Augsburg,Hertha BSC,0,2,48,52,7,15,1,6,2,7,4,2,5,1,3,3,12,15,2,1,0,0,14,12,,,13,5,0,4,0,2,1,0,0,3,,,3,10,4,5,4,2,356,391,251,312,27,31,2,4,6,3,,,60,56,19,21,21,20,7,12,,
30,Hertha BSC,Borussia Dortmund,0,1,38,62,13,22,3,7,8,10,2,5,6,10,1,0,8,9,1,0,0,0,9,8,,,10,6,0,6,0,6,1,2,1,0,,,4,20,9,2,5,3,360,583,272,501,23,24,3,6,16,11,,,61,47,15,12,21,16,9,11,,
24,1. FC Union Berlin,RB Leipzig,2,1,26,74,7,16,3,2,3,4,1,10,1,13,5,3,15,8,2,1,0,0,8,15,,,8,4,0,1,0,1,0,1,5,0,,,4,10,3,6,,,254,715,169,622,19,37,1,5,4,10,,,50,49,17,13,21,11,13,7,,
9,SC Freiburg,Borussia Dortmund,1,3,39,61,16,13,7,6,5,6,4,1,9,2,3,2,16,10,1,3,0,0,10,16,,,10,6,2,1,2,1,,,,,,,8,7,8,6,3,6,303,507,219,424,30,21,8,2,6,12,,,53,67,20,23,17,16,11,10,,
49,RB Leipzig,Borussia Dortmund,3,0,44,56,15,5,5,0,7,2,3,3,5,8,2,0,12,6,2,1,0,0,5,12,,,6,9,3,0,2,0,,,0,1,,,12,4,3,1,0,2,374,464,271,364,27,32,5,9,7,12,,,48,60,11,11,25,25,14,17,,
3,FC Augsburg,SC Freiburg,0,4,53,47,11,19,2,7,5,5,4,7,5,8,0,2,13,13,,,0,0,13,13,,,7,5,0,2,0,1,0,1,0,2,,,9,12,2,7,3,2,376,332,291,240,38,27,2,2,3,6,,,48,63,18,32,14,12,10,9,,
20,Borussia Dortmund,Werder Bremen,2,3,49,51,6,14,4,7,1,4,1,3,3,5,7,3,13,9,4,1,0,0,9,13,,,9,8,1,1,1,1,1,0,,,,,2,8,4,6,4,2,413,432,323,328,14,32,0,3,8,4,,,45,48,10,14,18,17,7,12,,
11,Hertha BSC,Eintracht Frankfurt,1,1,39,61,12,11,5,1,6,8,1,2,4,5,1,3,11,11,3,1,0,0,11,11,,,12,8,3,2,3,1,,,,,,,8,11,4,0,0,4,303,482,212,376,23,17,4,5,12,10,,,53,55,19,12,11,22,16,7,,
62,1899 Hoffenheim,SC Freiburg,0,0,50,50,10,14,3,4,5,7,2,3,5,3,4,2,15,9,1,2,0,0,8,15,,,11,11,1,0,1,0,,,,,,,6,8,4,6,4,3,465,481,370,387,26,34,4,2,10,7,,,42,56,13,15,11,19,8,10,,
27,SC Freiburg,VfL Bochum,1,0,47,53,29,15,13,5,11,6,5,4,2,5,,,15,13,2,2,0,0,13,14,,,9,14,11,1,10,1,2,2,1,0,,,20,11,9,4,5,12,348,393,248,287,19,45,5,6,9,3,,,64,53,31,29,11,7,14,15,,
42,Eintracht Frankfurt,RB Leipzig,4,0,44,56,14,4,9,0,2,2,3,2,4,3,4,0,14,11,1,1,0,0,10,14,,,8,5,6,0,3,0,,,,,,,11,4,3,0,0,5,411,525,336,441,20,19,3,4,4,5,,,40,53,6,8,20,26,18,11,,
60,1. FC Union Berlin,VfL Wolfsburg,2,0,48,52,16,5,4,0,10,2,2,3,4,1,2,0,18,6,,,0,0,6,18,,,7,13,1,0,,,,,,,,,11,3,5,2,0,2,430,478,345,389,39,38,7,1,5,9,,,39,62,10,15,18,20,6,5,,
34,1. FC Köln,VfB Stuttgart,0,0,64,36,7,14,2,5,2,6,3,3,6,8,1,0,14,11,2,2,0,1,11,13,,,10,6,0,4,0,4,,,0,1,,,4,10,3,4,6,1,459,248,376,182,22,27,3,7,7,9,,,53,53,15,15,20,17,7,11,,
35,Werder Bremen,Eintracht Frankfurt,3,4,55,45,10,10,4,7,5,3,1,0,5,7,3,5,17,18,1,3,0,0,18,16,,,8,7,3,4,2,2,,,0,1,,,7,8,3,2,2,1,479,384,354,280,38,16,2,3,13,8,,,57,46,14,13,13,11,6,11,,
6,Borussia Dortmund,Bayer 04 Leverkusen,1,0,45,55,14,8,4,3,9,4,1,1,3,3,2,4,13,13,2,4,0,1,11,13,,,7,13,3,2,2,2,1,0,,,,,7,3,7,5,3,3,398,480,299,383,22,10,2,3,9,13,,,58,55,13,6,25,23,14,11,,
45,Werder Bremen,FC Augsburg,0,1,70,30,12,15,7,6,3,5,2,4,3,7,1,5,12,13,4,5,0,0,11,11,,,8,5,3,3,3,2,0,2,,,,,7,6,5,9,5,7,556,231,435,122,50,23,3,2,3,2,,,53,47,24,21,15,13,8,11,,
41,VfL Wolfsburg,1. FC Köln,2,4,51,49,9,18,3,5,4,7,2,6,5,4,2,4,13,14,2,1,0,0,14,12,,,15,8,2,6,0,3,,,0,3,,,7,12,2,6,2,1,387,384,299,307,49,25,8,5,4,12,,,56,58,20,16,18,19,11,10,,
36,Borussia Dortmund,1899 Hoffenheim,1,0,50,50,15,7,5,2,8,3,2,2,5,8,2,2,14,15,3,4,0,0,14,13,,,5,9,4,0,3,0,,,2,0,,,12,5,3,2,2,4,450,440,367,365,34,33,7,4,7,5,,,54,45,11,11,22,16,9,10,,
58,VfB Stuttgart,Eintracht Frankfurt,1,3,56,44,15,13,2,8,10,3,3,2,7,4,4,1,9,11,2,0,0,0,10,9,,,4,10,1,2,1,1,,,,,,,8,6,7,7,5,1,501,408,406,318,26,16,5,3,10,9,,,64,42,18,6,26,18,18,3,,
15,FC Schalke 04,Borussia M'gladbach,2,2,32,68,12,14,4,8,5,3,3,3,2,7,2,4,12,8,4,2,0,0,6,11,,,4,9,2,2,1,0,,,,,,,8,11,4,3,6,2,254,584,190,496,18,23,2,4,3,6,,,28,45,6,16,14,12,13,5,,
53,SC Freiburg,Borussia M'gladbach,0,0,42,58,12,14,7,5,3,6,2,3,7,6,3,3,13,6,1,1,0,0,6,13,,,8,9,1,1,1,1,,,0,1,,,9,11,3,3,5,7,388,540,298,459,23,17,5,10,5,8,,,50,52,18,20,21,13,6,7,,
59,Borussia M'gladbach,RB Leipzig,3,0,45,55,21,12,10,5,5,4,6,3,8,3,0,1,14,14,2,2,0,0,14,14,,,4,5,6,2,3,2,,,2,0,,,13,8,8,4,5,7,425,508,351,431,23,17,4,6,12,9,,,48,44,6,6,16,15,7,14,,
7,VfB Stuttgart,RB Leipzig,1,1,32,68,11,28,2,9,6,7,3,12,1,9,1,2,14,9,2,1,0,0,9,13,,,10,7,1,3,1,2,1,0,2,0,,,4,15,7,13,8,1,281,578,198,483,32,21,1,4,7,12,,,58,58,15,14,27,19,14,8,,
44,Borussia M'gladbach,1. FSV Mainz 05,0,1,53,47,14,11,2,5,7,3,5,3,4,8,3,5,8,15,1,4,1,0,15,7,,,11,7,3,0,3,0,1,0,1,0,,,10,7,4,4,3,2,444,373,356,299,19,24,5,3,13,7,,,56,36,18,16,11,7,8,17,,
28,1. FSV Mainz 05,Bayer 04 Leverkusen,0,3,61,39,18,8,3,5,7,1,8,2,3,4,1,3,10,12,1,6,0,2,11,7,,,2,7,3,2,3,0,1,0,0,2,,,11,4,7,4,2,3,577,365,480,272,24,19,6,2,7,6,,,43,50,10,17,15,21,9,11,,
48,Hertha BSC,Bayer 04 Leverkusen,2,2,42,58,17,11,6,5,6,3,5,3,3,5,1,0,15,16,3,1,0,0,14,13,,,7,9,5,4,4,3,1,0,2,0,,,12,6,5,5,3,4,327,461,240,360,32,18,5,3,6,6,,,62,51,27,16,15,16,10,8,,
61,VfL Bochum,1. FC Köln,1,1,35,65,7,18,0,3,5,8,2,7,4,8,1,3,12,8,0,1,0,0,8,12,,,11,7,0,3,0,2,1,1,1,0,,,1,13,6,5,2,0,299,538,201,449,35,27,0,14,9,7,,,50,58,17,21,17,18,8,4,,
51,FC Schalke 04,VfL Bochum,3,1,44,56,20,10,8,2,5,6,7,2,3,8,1,2,11,16,2,3,0,0,16,9,,,9,5,2,2,0,1,1,0,3,0,,,12,8,8,2,1,6,321,385,230,272,26,39,2,6,9,10,,,53,50,14,15,14,16,13,3,,
46,Eintracht Frankfurt,VfL Wolfsburg,0,1,63,37,10,7,0,3,7,4,3,0,10,5,3,2,16,13,2,4,0,0,13,15,,,5,10,0,2,0,2,1,0,,,,,6,5,4,2,2,0,521,308,427,225,28,25,5,5,4,2,,,39,36,12,9,10,10,5,15,,
47,Bayern München,VfB Stuttgart,2,2,67,33,19,7,6,3,7,2,6,2,3,0,2,0,12,9,2,5,0,0,9,12,,,5,11,2,2,2,0,0,1,4,0,,,14,3,5,4,1,4,622,298,553,218,20,28,3,1,10,8,,,52,53,6,9,27,24,9,7,,
18,Borussia M'gladbach,Hertha BSC,1,0,64,36,11,17,6,4,1,10,4,3,5,5,2,5,7,11,1,2,0,1,8,7,,,14,3,3,2,2,2,1,0,0,2,,,8,11,3,6,4,6,585,315,494,239,21,14,2,3,4,9,,,42,37,8,6,22,15,13,10,,
52,1. FC Köln,1. FC Union Berlin,0,1,53,47,8,12,3,3,3,6,2,3,7,8,1,1,15,12,4,1,1,0,12,14,,,10,5,2,2,2,2,0,1,,,,,5,8,3,4,3,3,455,404,346,287,26,30,3,6,5,8,,,69,62,40,25,13,15,8,8,,
22,VfB Stuttgart,SC Freiburg,0,1,60,40,17,9,4,3,7,5,6,1,3,1,2,3,8,12,4,2,0,0,10,8,,,7,11,1,1,1,0,,,,,,,13,4,4,5,2,4,557,369,467,278,34,29,6,3,10,5,,,48,54,23,25,5,17,5,10,,
56,Borussia Dortmund,FC Schalke 04,1,0,67,33,17,3,5,0,8,2,4,1,11,2,3,3,12,14,3,2,0,0,13,9,,,3,13,4,0,3,0,,,1,0,,,12,2,5,1,0,4,558,283,458,181,45,19,6,3,15,3,,,64,43,23,16,13,15,17,9,,
25,Eintracht Frankfurt,1. FC Köln,1,1,53,47,9,5,3,2,5,3,1,0,5,9,3,4,16,11,0,1,0,0,10,15,,,6,9,1,0,1,0,,,,,,,4,3,5,2,1,2,417,356,316,247,29,16,2,3,13,5,,,50,63,13,18,14,25,6,18,,
57,FC Augsburg,Bayern München,1,0,23,77,10,19,4,6,3,8,3,5,2,8,2,2,16,9,3,1,0,0,9,14,,,17,9,4,4,3,4,,,0,1,,,8,11,2,8,6,3,200,670,93,552,25,29,0,7,3,10,,,52,60,16,21,24,15,12,7,,
39,VfB Stuttgart,FC Schalke 04,1,1,43,57,13,12,4,3,6,6,3,3,5,7,2,1,11,10,4,2,1,0,10,11,,,10,9,0,4,0,3,,,,,,,8,8,5,4,1,2,349,461,260,360,26,22,3,3,7,8,,,53,44,19,10,17,15,12,10,,
37,1. FC Union Berlin,Bayern München,1,1,25,75,7,21,2,6,4,9,1,6,5,7,0,2,19,7,1,2,0,0,7,17,,,11,5,1,1,1,1,,,0,2,,,2,12,5,9,5,1,227,718,127,630,23,18,3,2,6,11,,,56,64,15,22,28,14,13,11,,
31,RB Leipzig,VfL Wolfsburg,2,0,42,58,16,9,7,4,6,3,3,2,8,4,1,1,20,15,3,3,0,0,14,19,,,9,11,6,0,4,0,1,0,2,0,,,13,7,3,2,4,5,359,495,271,406,22,49,4,2,10,8,,,46,52,12,12,10,13,4,18,,
1,1. FC Union Berlin,Hertha BSC,3,1,48,52,19,7,8,3,5,2,6,2,5,4,2,1,23,17,2,3,0,0,16,21,,,5,7,2,0,1,0,,,0,2,,,13,4,6,3,2,5,353,383,271,302,33,22,6,2,5,16,,,72,64,29,16,23,11,10,5,,
17,Bayern München,VfL Wolfsburg,2,0,68,32,24,8,8,2,8,1,8,5,8,4,6,2,7,10,2,1,0,0,10,6,,,6,7,1,0,1,0,2,0,,,,,13,4,11,4,2,6,592,275,517,193,35,35,4,2,11,7,,,52,48,10,14,21,21,9,13,,
40,VfL Bochum,Werder Bremen,0,2,50,50,19,16,5,7,7,4,7,5,7,3,3,6,15,10,2,2,0,0,9,14,,,3,14,1,3,1,1,0,1,,,,,9,13,10,3,5,5,360,373,243,240,39,47,5,3,4,4,,,47,63,21,26,13,19,10,12,,
26,VfL Bochum,Bayern München,0,7,35,65,13,22,7,12,5,7,1,3,5,5,3,5,10,6,1,0,0,0,5,10,,,7,9,1,7,1,3,1,1,,,,,9,14,4,8,6,7,269,504,206,436,50,24,5,2,6,11,,,40,50,14,9,15,20,11,10,,
50,1899 Hoffenheim,1. FSV Mainz 05,4,1,65,35,21,9,9,2,10,4,2,3,7,5,2,1,9,13,3,2,0,1,13,9,,,3,11,9,2,5,2,,,2,1,,,16,6,5,3,1,5,600,315,516,214,46,21,10,3,7,6,,,42,37,14,11,8,11,9,8,,
54,1. FSV Mainz 05,Hertha BSC,1,1,56,44,11,4,2,2,5,1,4,1,4,3,4,2,12,10,3,5,0,0,10,12,,,7,7,0,1,,,,,,,,,8,3,3,1,1,1,464,367,313,239,24,22,4,2,6,4,,,53,52,20,21,17,15,15,14,,
32,1899 Hoffenheim,FC Augsburg,1,0,50,50,21,11,5,1,13,6,3,4,4,6,3,2,14,9,1,1,0,0,9,14,,,10,19,2,0,2,0,,,6,0,,,13,7,8,4,1,4,394,386,303,282,28,27,7,6,10,8,,,51,50,15,15,17,14,14,14,,
14,1899 Hoffenheim,VfL Bochum,3,2,59,41,23,11,12,5,4,4,7,2,8,2,2,2,14,10,1,1,0,0,10,13,,,10,7,2,2,1,0,,,,,,,17,6,6,5,3,9,461,318,375,238,22,39,8,5,7,3,,,40,50,15,14,9,20,5,14,,
5,VfL Wolfsburg,Werder Bremen,2,2,61,39,11,10,3,4,5,3,3,3,2,5,1,4,11,14,2,2,0,0,14,11,,,4,11,2,1,1,1,,,,,,,5,3,6,7,3,1,540,344,419,227,25,30,3,3,17,12,,,59,59,13,20,15,16,11,29,,
82,Eintracht Frankfurt,Bayer 04 Leverkusen,5,1,49,51,19,5,10,2,3,2,6,1,7,1,3,0,10,9,0,4,0,1,7,10,,,3,8,6,1,2,1,0,1,,,,,15,4,4,1,1,5,491,523,428,444,19,26,4,2,4,5,,,37,34,11,6,15,13,7,3,,
68,VfL Wolfsburg,VfB Stuttgart,3,2,57,43,19,14,6,7,8,5,5,2,8,5,1,0,16,14,3,5,0,0,14,16,,,9,14,2,4,1,2,0,1,1,1,,,10,9,9,5,5,3,439,335,354,260,35,36,4,6,1,6,,,48,50,14,9,19,19,2,9,,
69,Werder Bremen,Borussia M'gladbach,5,1,48,52,14,13,8,8,5,4,1,1,4,5,0,3,8,8,0,1,0,0,7,8,,,7,7,7,5,3,4,1,0,,,,,10,11,4,2,7,4,450,502,373,426,41,9,4,5,9,9,,,39,38,7,11,16,10,13,8,,
65,Eintracht Frankfurt,1. FC Union Berlin,2,0,47,53,13,16,4,5,7,6,2,5,4,7,0,2,4,11,3,4,1,0,11,4,,,9,7,2,1,0,1,1,0,1,0,,,6,9,7,7,5,2,457,495,358,386,24,14,0,5,21,2,,,63,45,17,17,14,22,14,3,,
78,Borussia M'gladbach,1. FC Köln,5,2,66,34,14,5,6,3,5,1,3,1,7,4,4,1,8,14,2,3,0,1,14,7,,,7,4,3,2,1,0,,,1,0,,,9,4,5,1,1,1,611,309,537,234,39,17,4,3,14,2,,,52,32,13,5,13,18,1,12,,
64,1. FC Köln,Borussia Dortmund,3,2,42,58,21,22,10,8,5,10,6,4,7,11,9,3,14,9,4,3,0,0,8,14,,,7,7,4,5,3,4,1,0,2,1,,,16,16,5,6,7,7,344,472,270,396,20,38,4,7,4,12,,,41,55,10,13,19,16,12,3,,
90,1. FSV Mainz 05,1. FC Köln,5,0,56,44,16,6,7,2,7,3,2,1,5,4,1,0,13,14,1,5,0,1,14,12,,,5,10,3,2,0,2,1,1,,,,,11,3,5,3,2,2,451,365,387,272,39,17,8,2,6,4,,,40,48,8,9,12,23,5,7,,
70,Hertha BSC,1899 Hoffenheim,1,1,43,57,14,16,5,4,5,7,4,5,2,6,1,4,5,15,2,1,0,0,15,5,,,7,13,1,2,0,1,0,1,,,,,9,11,5,5,3,4,354,472,266,374,20,20,2,5,11,6,,,56,46,14,16,16,19,11,8,,
67,SC Freiburg,1. FSV Mainz 05,2,1,53,47,13,15,6,7,5,7,2,1,5,5,0,2,9,15,2,4,0,0,14,9,,,7,8,3,3,2,2,1,1,0,1,,,11,7,2,8,5,4,483,420,372,298,37,24,3,6,7,7,,,62,51,28,16,13,19,15,18,,
73,1. FSV Mainz 05,RB Leipzig,1,1,36,64,9,13,3,3,4,6,2,4,4,2,4,3,12,12,1,1,0,0,12,12,,,7,7,1,3,0,3,0,1,,,,,6,7,3,6,2,2,325,608,223,515,27,34,4,7,7,12,,,56,64,12,24,25,16,16,8,,
71,FC Schalke 04,FC Augsburg,2,3,56,44,17,12,6,6,5,3,6,3,8,4,3,0,11,10,2,6,0,1,9,11,,,6,11,2,2,1,1,,,2,1,,,13,8,4,4,3,4,349,288,235,164,25,32,9,4,2,8,,,58,63,32,31,16,13,7,6,,
74,Bayer 04 Leverkusen,FC Schalke 04,4,0,60,40,13,2,7,1,4,1,2,0,3,3,1,2,9,17,1,1,0,0,16,8,,,7,5,3,0,,,,,,,,,9,2,4,0,1,3,572,373,501,287,27,27,5,3,9,3,,,53,45,14,12,14,22,8,7,,
76,VfL Bochum,Eintracht Frankfurt,3,0,46,54,11,12,5,2,4,9,2,1,9,4,2,1,12,10,2,1,0,0,8,11,,,10,5,1,1,0,1,0,1,,,,,8,7,3,5,2,3,332,385,217,273,37,26,1,3,4,8,,,61,53,28,17,21,17,9,6,,
72,1899 Hoffenheim,Werder Bremen,1,2,46,54,17,8,6,3,8,3,3,2,3,3,6,3,12,19,3,3,0,0,19,12,,,4,13,1,2,0,1,1,0,2,3,,,12,7,5,1,1,5,355,431,278,335,24,27,3,7,6,1,,,50,46,13,20,12,14,7,8,,
66,RB Leipzig,VfL Bochum,4,0,70,30,17,2,9,1,6,1,2,0,7,2,2,0,8,8,0,2,0,0,8,7,,,2,12,8,0,4,0,3,0,,,,,14,2,3,0,1,5,739,302,668,215,36,31,4,2,7,2,,,32,45,5,11,12,25,7,5,,
96,Borussia M'gladbach,Eintracht Frankfurt,1,3,60,40,7,15,3,5,1,5,3,5,3,2,0,4,9,20,3,2,0,0,20,9,,,5,3,3,2,2,0,,,1,6,,,7,10,0,5,2,2,580,381,480,296,25,15,7,1,7,7,,,59,46,12,8,20,22,12,14,,
84,VfB Stuttgart,VfL Bochum,4,1,48,52,17,15,7,5,6,5,4,5,3,3,4,1,6,17,0,3,0,0,17,6,,,9,6,2,3,0,2,1,1,1,0,,,14,10,3,5,4,3,383,414,278,306,46,23,5,2,7,5,,,56,47,19,18,13,18,5,9,,
92,Borussia Dortmund,VfB Stuttgart,5,0,61,39,18,10,10,1,2,6,6,3,9,2,0,3,7,8,1,0,0,0,7,7,,,10,3,3,1,0,1,,,,,,,11,7,7,3,1,5,604,390,524,322,38,24,3,4,10,13,,,47,41,6,5,24,16,12,13,,
77,Borussia Dortmund,Bayern München,2,2,44,56,12,9,6,3,2,3,4,3,7,4,0,2,8,11,3,6,0,1,11,8,,,9,7,2,2,1,2,,,0,1,,,8,4,4,5,1,4,440,572,348,477,29,38,5,1,4,6,,,37,53,4,8,18,31,12,9,,
87,1. FC Köln,FC Augsburg,3,2,64,36,15,5,6,2,4,2,5,1,5,3,0,2,11,15,2,4,0,0,14,10,,,8,8,2,0,,,,,,,,,11,3,4,2,0,2,472,264,372,163,20,25,5,2,6,6,,,56,71,22,31,14,24,1,7,,
75,FC Augsburg,VfL Wolfsburg,1,1,48,52,17,11,5,7,7,3,5,1,11,5,2,2,19,11,5,3,0,0,9,17,,,6,8,3,5,3,4,0,2,,,,,12,7,5,4,6,4,283,311,186,219,37,36,5,5,3,4,,,44,66,19,35,13,12,6,8,,
95,1899 Hoffenheim,Bayern München,0,2,41,59,7,21,3,10,4,5,0,6,7,5,3,5,12,8,3,2,0,0,8,12,,,5,7,1,4,1,2,,,1,1,,,5,17,2,4,7,3,343,513,239,424,29,25,7,6,6,5,,,42,58,8,14,21,27,12,10,,
80,VfB Stuttgart,1. FC Union Berlin,0,1,52,48,9,7,3,4,3,3,3,0,2,5,,,12,10,3,3,1,0,10,11,,,5,6,1,1,1,1,1,0,,,,,8,6,1,1,3,3,457,433,369,340,26,28,6,3,6,1,,,55,48,26,19,13,17,5,11,,
86,RB Leipzig,Hertha BSC,3,2,60,40,14,15,5,6,6,5,3,4,8,4,3,1,16,8,2,3,0,0,8,14,,,9,6,4,4,2,3,1,1,4,1,,,11,11,3,4,3,1,491,316,393,237,29,28,2,5,7,10,,,45,60,15,21,15,15,7,14,,
81,FC Schalke 04,1899 Hoffenheim,0,3,51,49,15,17,2,7,8,5,5,5,4,5,2,0,12,8,2,2,0,0,8,11,,,7,10,0,5,0,3,2,0,0,3,,,9,13,6,4,4,2,376,372,282,288,31,26,10,5,6,11,,,50,46,18,14,18,10,11,7,,
91,Bayer 04 Leverkusen,VfL Wolfsburg,2,2,57,43,13,9,5,1,5,6,3,2,3,3,2,2,19,5,3,1,0,0,4,17,,,6,9,3,1,1,0,1,0,,,,,7,6,6,3,0,3,516,390,426,298,24,17,2,4,5,2,,,31,45,10,12,12,14,6,8,,
101,RB Leipzig,Bayer 04 Leverkusen,2,0,46,54,10,5,6,1,4,2,0,2,3,3,3,1,9,7,3,3,0,0,7,9,,,2,3,4,0,2,0,,,,,,,7,3,3,2,1,4,525,611,440,518,48,19,3,3,2,5,,,38,35,10,3,19,18,12,9,,
115,Bayer 04 Leverkusen,1. FC Union Berlin,5,0,59,41,11,7,8,1,1,4,2,2,1,5,0,2,11,16,1,4,0,0,15,9,,,6,1,3,0,,,,,2,0,,,7,5,4,2,1,3,598,407,503,328,14,27,1,2,6,2,,,48,39,16,18,11,10,1,5,,
97,VfL Bochum,1. FC Union Berlin,2,1,47,53,9,8,5,3,3,3,1,2,3,7,2,1,14,10,1,3,0,0,10,14,,,4,7,2,1,0,1,1,0,2,0,,,8,5,1,3,2,3,337,379,236,274,28,27,4,2,4,2,,,72,55,39,28,19,11,4,9,,
93,FC Augsburg,RB Leipzig,3,3,32,68,9,18,3,7,3,8,3,3,3,6,3,1,15,11,7,1,1,0,10,15,,,14,9,3,3,1,1,,,,,,,7,11,2,7,4,0,239,515,137,415,20,24,7,7,3,6,,,44,50,20,21,12,8,8,3,,
85,VfL Wolfsburg,Borussia M'gladbach,2,2,55,45,16,9,4,5,9,2,3,2,7,6,1,2,13,11,3,3,0,0,11,13,,,4,16,2,1,1,1,2,0,,,,,12,7,4,2,3,2,470,389,390,299,30,30,8,7,7,3,,,33,46,8,11,7,19,8,3,,
99,Werder Bremen,Hertha BSC,1,0,52,48,16,9,4,1,4,7,8,1,4,5,1,1,14,11,2,3,0,0,11,13,,,10,6,2,1,2,1,,,,,,,13,3,3,6,1,3,396,361,306,262,28,27,7,4,3,8,,,51,57,19,16,18,20,6,8,,
94,SC Freiburg,Werder Bremen,2,0,61,39,25,10,7,1,10,6,8,3,6,2,3,0,14,12,2,2,0,1,12,14,,,6,13,5,0,4,0,,,,,,,13,7,12,3,1,5,473,315,383,211,14,23,8,2,5,3,,,41,54,16,18,8,19,6,12,,
102,VfB Stuttgart,FC Augsburg,2,1,63,37,29,11,8,4,12,6,9,1,10,3,0,2,7,12,1,2,0,0,11,6,,,8,12,4,1,2,0,1,0,1,0,,,19,7,10,4,3,4,463,277,357,169,32,38,12,6,8,5,,,57,48,30,27,8,10,1,4,,
110,Borussia Dortmund,VfL Bochum,3,0,61,39,6,7,3,1,3,3,0,3,2,5,1,4,7,14,1,1,0,0,14,7,,,7,8,3,1,1,1,0,1,1,0,,,2,5,4,2,1,0,520,331,415,227,34,31,0,4,5,1,,,53,50,18,14,16,28,11,11,,
89,Bayern München,SC Freiburg,5,0,66,34,16,6,8,0,7,2,1,4,5,5,2,0,8,9,0,2,0,0,9,6,,,5,10,4,0,2,0,1,0,,,,,12,5,4,1,0,3,607,316,536,236,19,28,1,2,10,6,,,41,38,13,12,9,14,3,11,,
100,Bayern München,1. FSV Mainz 05,6,2,70,30,24,14,13,5,8,6,3,3,8,5,1,1,10,11,1,1,0,0,10,10,,,6,9,8,3,4,2,2,2,,,,,20,13,4,1,3,7,601,255,537,179,26,21,8,6,10,3,,,42,35,15,10,7,12,9,15,,
104,Eintracht Frankfurt,Borussia Dortmund,1,2,59,41,20,7,7,2,6,3,7,2,4,3,1,1,15,11,5,5,0,0,11,14,,,4,9,2,1,2,0,1,0,,,,,11,3,9,4,0,5,608,426,519,336,16,32,4,2,13,11,,,51,63,7,7,20,31,3,10,,
109,1. FSV Mainz 05,VfL Wolfsburg,0,3,56,44,15,10,3,3,8,6,4,1,9,4,1,0,15,6,1,1,0,0,6,14,,,8,14,2,1,2,0,1,1,0,2,,,8,6,7,4,0,3,451,357,345,252,43,36,4,3,8,5,,,51,60,17,20,20,21,18,4,,
105,1. FC Union Berlin,Borussia M'gladbach,2,1,55,45,13,7,5,3,5,4,3,0,6,5,4,0,17,6,3,2,0,0,5,16,,,4,14,3,2,1,1,,,,,,,7,4,6,3,2,3,492,417,412,321,31,18,6,4,3,5,,,37,40,16,12,13,8,5,4,,
113,1899 Hoffenheim,RB Leipzig,1,3,37,63,11,17,3,8,5,5,3,4,6,3,1,3,9,9,4,2,0,0,9,9,,,5,7,3,1,2,0,,,0,4,,,6,12,5,5,5,2,361,657,289,580,17,28,3,4,5,8,,,39,36,5,5,20,14,9,8,,
103,VfL Wolfsburg,VfL Bochum,4,0,52,48,20,10,7,2,9,6,4,2,7,2,0,1,8,17,1,1,0,0,16,8,,,9,11,6,0,4,0,1,0,,,,,11,5,9,5,2,2,384,379,308,271,33,35,6,5,7,3,,,43,54,9,17,11,27,13,6,,
106,FC Schalke 04,SC Freiburg,0,2,44,56,12,18,3,9,5,6,4,3,4,8,1,2,20,7,3,2,0,0,7,20,,,9,9,1,3,1,2,,,,,,,7,13,5,5,6,3,325,408,220,305,25,26,4,9,2,7,,,40,59,18,24,13,8,11,9,,
88,1. FC Union Berlin,Borussia Dortmund,2,0,23,77,16,14,5,6,7,3,4,5,5,8,3,0,15,5,1,2,0,0,5,15,,,5,7,1,1,0,1,,,,,,,12,8,4,6,6,3,228,785,137,693,20,57,6,5,3,8,,,43,56,16,12,19,21,10,2,,
112,Hertha BSC,Bayern München,2,3,28,72,7,14,6,4,1,4,0,6,2,7,6,2,13,9,,,0,0,8,13,,,7,4,1,3,,,,,0,2,,,5,10,2,4,1,4,216,579,134,488,19,29,3,2,8,11,,,61,63,15,20,30,19,19,13,,
107,1. FC Köln,1899 Hoffenheim,1,1,35,65,11,5,3,1,4,3,4,1,5,4,3,1,11,10,1,2,0,1,9,11,,,6,9,1,1,,,0,1,,,,,7,4,4,1,0,2,303,577,203,473,17,29,7,7,3,6,,,40,40,15,8,13,15,14,7,,
79,Hertha BSC,SC Freiburg,2,2,42,58,13,9,3,4,9,4,1,1,4,2,1,1,14,13,2,1,0,0,12,13,,,8,14,1,3,0,2,,,1,0,,,7,7,6,2,2,1,343,488,238,374,28,29,5,4,12,6,,,77,58,24,23,29,16,10,11,,
118,Bayern München,Werder Bremen,6,1,61,39,21,6,10,2,6,2,5,2,8,4,3,1,9,8,,,0,0,7,7,,,6,6,9,3,5,2,1,0,2,0,,,17,4,4,2,1,4,629,406,560,316,25,37,3,2,10,3,,,40,34,11,4,12,20,7,10,,
111,FC Augsburg,Eintracht Frankfurt,1,2,41,59,10,12,4,7,4,4,2,1,3,7,1,1,17,15,0,1,0,0,14,14,,,6,11,2,2,2,1,0,1,,,,,8,7,2,5,5,3,344,500,216,354,30,17,5,2,3,10,,,56,61,19,23,20,15,15,6,,
108,Borussia M'gladbach,VfB Stuttgart,3,1,55,45,13,13,6,4,3,6,4,3,3,5,2,1,13,16,2,1,0,0,15,13,,,10,4,2,2,0,2,0,1,3,1,,,8,8,5,5,3,3,511,399,421,326,20,30,2,6,2,6,,,47,46,14,11,16,17,7,14,,
83,Werder Bremen,1. FSV Mainz 05,0,2,68,32,14,11,3,5,8,2,3,4,3,3,2,4,3,11,1,2,0,0,11,3,,,3,12,2,1,2,0,,,0,1,,,9,8,5,3,3,3,661,312,537,192,40,20,2,2,5,8,,,51,46,18,16,17,19,13,23,,
98,Hertha BSC,FC Schalke 04,2,1,55,45,10,9,4,2,6,4,0,3,5,6,1,5,14,13,5,1,0,0,13,13,,,8,11,2,0,1,0,,,,,,,6,6,4,3,1,2,409,330,289,223,27,14,4,4,10,4,,,60,58,24,19,13,22,11,9,,
122,1. FC Union Berlin,FC Augsburg,2,2,60,40,19,7,6,2,10,4,3,1,6,3,2,0,7,10,1,4,0,0,10,7,,,4,11,2,0,1,0,2,2,3,0,,,13,4,6,3,0,4,432,311,313,181,39,13,12,2,9,0,,,83,43,46,24,18,12,4,7,,
114,Werder Bremen,FC Schalke 04,2,1,45,55,11,19,5,3,4,9,2,7,3,3,1,3,11,12,3,2,0,0,10,10,,,9,6,2,1,,,0,1,2,0,,,5,8,6,11,2,3,375,453,246,341,34,36,4,6,2,5,,,52,64,21,27,19,23,10,5,,
123,Eintracht Frankfurt,1899 Hoffenheim,4,2,51,49,14,12,7,3,5,4,2,5,4,5,2,2,9,22,0,3,0,0,21,9,,,4,9,6,1,2,0,1,0,2,1,,,9,10,5,2,1,3,514,475,412,374,22,28,0,6,6,12,,,53,45,8,8,18,16,11,10,,
126,Borussia M'gladbach,Borussia Dortmund,4,2,39,61,11,20,6,10,4,7,1,3,2,9,3,2,12,12,1,2,0,0,12,11,,,6,6,5,6,2,4,,,,,,,6,14,5,6,8,2,363,553,296,490,12,38,2,5,3,2,,,44,41,6,12,24,17,10,4,,
116,SC Freiburg,1. FC Köln,2,0,55,45,12,6,5,2,3,4,4,0,5,3,1,1,9,10,0,1,0,0,10,9,,,7,8,3,2,1,2,,,2,0,,,7,5,5,1,2,3,491,405,384,305,52,25,2,2,10,5,,,53,46,20,25,14,7,6,12,,
125,RB Leipzig,SC Freiburg,3,1,58,42,16,3,8,2,5,1,3,0,6,2,1,0,9,22,2,4,0,0,22,9,,,2,7,5,0,2,0,3,0,4,0,,,11,3,5,0,1,6,527,383,445,291,19,32,6,0,7,6,,,51,46,13,17,9,14,8,4,,
120,VfL Bochum,Borussia M'gladbach,2,1,46,54,13,8,4,2,5,5,4,1,6,3,9,6,11,14,1,3,0,0,12,10,,,6,7,2,1,0,1,1,0,,,,,6,5,7,3,1,2,388,454,273,336,37,20,4,3,6,9,,,46,46,16,20,12,7,19,9,,
121,1. FC Köln,Bayer 04 Leverkusen,1,2,59,41,19,10,8,3,6,4,5,3,6,1,0,1,9,7,1,2,0,0,7,8,,,8,11,1,1,1,0,2,0,0,2,,,12,5,7,5,1,6,560,399,463,293,28,32,6,1,3,10,,,45,49,20,15,15,16,10,7,,
124,FC Schalke 04,1. FSV Mainz 05,1,0,45,55,14,11,4,1,9,5,1,5,1,6,2,1,16,17,3,1,0,0,17,16,,,8,10,4,0,4,0,1,0,1,0,,,11,9,3,2,1,3,290,355,189,234,36,26,4,9,5,9,,,57,60,20,20,15,15,13,12,,
117,VfL Wolfsburg,Borussia Dortmund,2,0,37,63,17,21,8,6,6,9,3,6,6,9,3,2,11,12,3,2,0,0,12,10,,,15,5,3,1,1,1,0,1,1,0,,,13,13,4,8,6,5,332,568,262,500,33,45,4,10,4,9,,,46,42,8,13,22,10,11,8,,
119,VfB Stuttgart,Hertha BSC,2,1,60,40,17,11,7,4,6,3,4,4,8,5,3,0,9,15,3,2,0,0,15,9,,,4,8,3,2,2,1,,,1,0,,,13,9,4,2,1,5,554,362,462,277,25,14,9,2,10,3,,,63,35,17,13,22,10,8,5,,
128,FC Augsburg,VfL Bochum,0,1,55,45,18,11,5,4,8,5,5,2,6,2,2,3,12,9,1,1,0,0,8,11,,,5,11,2,2,2,1,1,1,,,,,14,7,4,4,3,5,426,369,265,216,30,41,6,2,6,4,,,60,75,32,34,14,26,4,8,,
131,1899 Hoffenheim,VfL Wolfsburg,1,2,60,40,22,6,8,3,9,3,5,0,7,1,2,2,15,11,0,3,0,0,10,14,,,6,14,2,3,1,2,,,0,2,,,13,5,9,1,2,7,472,314,375,207,40,28,11,6,4,6,,,47,50,19,16,15,14,8,4,,
127,Bayer 04 Leverkusen,VfB Stuttgart,2,0,44,56,12,7,3,1,4,3,5,3,4,2,1,3,11,10,2,3,0,0,9,10,,,8,8,2,0,1,0,1,0,,,,,7,4,5,3,1,1,426,539,342,459,24,35,3,2,6,6,,,41,36,8,3,18,17,13,9,,
129,Hertha BSC,1. FC Köln,2,0,47,53,16,10,8,3,2,3,6,4,10,5,2,3,15,10,3,1,0,0,10,15,,,9,6,2,3,0,3,0,1,1,0,,,10,7,6,3,3,6,358,396,269,304,24,28,4,1,9,5,,,59,60,23,12,16,29,15,8,,
130,Werder Bremen,RB Leipzig,1,2,48,52,7,14,6,3,1,8,0,3,0,4,1,1,14,8,1,2,0,0,8,14,,,9,2,1,3,1,1,,,0,5,,,7,9,0,5,1,5,478,527,386,438,35,28,3,1,2,7,,,35,43,12,12,13,10,9,7,,
135,RB Leipzig,Bayern München,1,1,41,59,10,7,3,2,5,2,2,3,3,2,3,2,17,12,2,3,0,0,12,17,,,3,6,1,1,,,0,1,,,,,4,6,6,1,1,2,423,610,322,521,20,31,1,1,6,14,,,51,60,8,10,26,19,19,12,,
133,1. FSV Mainz 05,Eintracht Frankfurt,1,1,39,61,18,10,6,3,6,4,6,3,5,2,1,3,12,8,2,2,0,0,8,11,,,4,10,1,1,,,1,0,,,,,14,5,4,5,2,5,340,547,218,421,28,10,5,4,7,5,,,62,41,27,12,20,13,8,2,,
137,Eintracht Frankfurt,FC Schalke 04,3,0,44,56,12,19,3,4,7,7,2,8,5,4,2,1,16,10,2,3,0,0,10,14,,,11,6,3,3,0,3,0,2,0,1,,,9,15,3,4,4,0,377,472,260,358,18,22,5,7,5,5,,,61,66,26,31,20,17,9,12,,
136,1. FC Union Berlin,1899 Hoffenheim,3,1,52,48,22,12,5,4,10,4,7,4,9,4,1,1,11,13,2,1,0,0,12,10,,,2,12,4,1,2,1,1,0,2,2,,,17,8,5,4,3,2,422,414,318,324,25,18,18,4,2,5,,,50,37,16,15,20,7,8,9,,
143,Borussia M'gladbach,Bayer 04 Leverkusen,2,3,60,40,15,13,8,6,4,2,3,5,2,3,4,2,12,14,3,2,0,0,13,12,,,3,9,1,2,1,0,0,1,0,1,,,9,10,6,3,3,6,702,468,630,384,16,22,5,0,4,8,,,40,38,10,4,13,14,9,5,,
134,SC Freiburg,1. FC Union Berlin,4,1,73,27,7,4,5,2,2,1,0,1,2,1,,,13,9,0,1,0,1,8,12,,,2,4,4,2,0,1,0,1,2,0,,,6,4,1,0,1,1,730,267,663,193,27,19,3,1,7,2,,,42,39,15,14,12,11,2,5,,
138,VfB Stuttgart,1. FSV Mainz 05,1,1,56,44,16,13,4,2,7,7,5,4,3,5,1,0,15,17,1,3,0,0,16,12,,,6,9,4,1,3,0,1,1,0,1,,,9,7,7,6,1,3,551,431,470,326,43,28,5,4,7,5,,,55,45,20,12,12,16,17,15,,
153,RB Leipzig,VfB Stuttgart,2,1,55,45,10,12,4,4,4,6,2,2,3,6,4,2,8,6,,,0,0,6,7,,,8,5,3,3,3,2,1,0,1,0,,,8,7,2,5,3,2,614,505,518,420,17,31,4,6,6,11,,,59,43,20,11,27,14,12,10,,
147,1899 Hoffenheim,VfB Stuttgart,2,2,49,51,15,8,6,4,5,3,4,1,6,4,4,3,12,4,1,3,0,1,4,11,,,4,8,3,1,2,0,,,0,2,,,12,5,3,3,2,4,415,445,309,340,34,24,6,3,2,3,,,53,44,22,15,25,15,9,3,,
155,Hertha BSC,1. FC Union Berlin,0,2,52,48,10,7,3,3,5,1,2,3,3,2,3,2,12,13,1,2,0,0,13,12,,,4,10,0,1,,,,,0,2,,,6,5,4,2,1,3,395,368,278,245,17,22,6,3,6,3,,,65,57,27,21,20,21,6,10,,
140,VfL Wolfsburg,SC Freiburg,6,0,54,46,12,9,10,1,0,3,2,5,0,5,0,4,11,12,1,2,0,0,12,11,,,6,2,5,0,,,,,,,,,8,8,4,1,1,4,511,424,440,335,30,23,2,1,3,4,,,41,37,18,18,9,5,8,8,,
144,FC Schalke 04,RB Leipzig,1,6,43,57,9,21,1,14,4,5,4,2,1,6,3,5,16,13,1,1,0,0,12,15,,,6,8,1,8,0,5,,,0,1,,,3,15,6,6,8,0,388,524,309,438,21,22,2,4,6,10,,,43,50,6,12,19,14,14,9,,
149,Bayer 04 Leverkusen,VfL Bochum,2,0,56,44,11,11,4,1,6,5,1,5,3,4,3,6,15,14,2,4,0,0,14,15,,,10,6,3,1,1,1,,,1,0,,,7,9,4,2,1,2,444,329,339,224,32,34,3,3,7,1,,,51,56,19,23,11,17,3,11,,
159,Bayern München,Eintracht Frankfurt,1,1,67,33,14,8,6,1,6,4,2,3,7,6,3,0,6,4,3,1,0,0,4,6,,,7,11,3,1,3,0,1,0,,,,,9,7,5,1,0,4,739,355,658,271,26,14,4,3,21,3,,,60,45,11,5,24,31,8,7,,
152,Werder Bremen,1. FC Union Berlin,1,2,58,42,9,9,4,5,2,2,3,2,5,7,1,1,11,18,,,0,0,16,10,,,5,5,0,1,,,1,0,0,2,,,5,7,4,2,3,3,517,376,401,263,35,34,4,5,6,4,,,62,56,28,29,12,13,10,9,,
142,Borussia Dortmund,FC Augsburg,4,3,68,32,27,14,10,4,10,7,7,3,7,3,1,1,6,9,1,4,0,0,9,6,,,10,15,5,4,4,1,0,2,,,,,19,11,8,3,1,5,575,266,483,184,23,17,6,4,8,4,,,49,48,16,15,16,22,7,7,,
139,VfL Bochum,Hertha BSC,3,1,49,51,10,11,3,2,6,3,1,6,1,6,1,0,13,13,1,1,0,0,13,11,,,10,7,2,0,,,1,1,3,0,,,6,8,4,3,1,0,366,350,239,228,24,28,4,3,4,10,,,72,66,27,21,28,24,6,7,,
157,Werder Bremen,VfL Wolfsburg,2,1,43,57,14,9,5,3,8,4,1,2,2,6,2,2,16,12,3,3,0,0,11,15,,,7,13,2,2,1,2,0,1,1,0,,,11,7,3,2,2,3,369,486,271,383,45,25,6,4,4,7,,,67,52,32,16,20,14,16,8,,
132,FC Schalke 04,Bayern München,0,2,31,69,7,21,2,6,3,10,2,5,4,5,1,1,7,4,,,0,0,4,7,,,12,4,2,2,2,1,0,1,0,2,,,3,14,4,7,4,2,279,658,197,592,35,32,2,3,1,14,,,35,45,9,10,21,14,8,7,,
146,Hertha BSC,VfL Wolfsburg,0,5,41,59,8,17,2,7,4,5,2,5,6,4,0,2,20,13,2,0,0,0,13,18,,,9,6,1,5,1,1,,,,,,,4,14,4,3,2,2,290,404,203,317,20,20,0,9,4,5,,,48,60,14,20,17,17,5,11,,
150,FC Augsburg,Borussia M'gladbach,1,0,44,56,14,7,4,2,7,2,3,3,3,2,4,0,15,15,1,2,0,0,15,15,,,7,9,,,,,1,0,1,0,,,8,4,6,3,2,3,394,523,302,411,25,26,4,4,3,7,,,37,61,11,21,8,20,9,8,,
165,Borussia Dortmund,SC Freiburg,5,1,77,23,26,6,10,3,8,1,8,2,14,0,1,1,13,14,3,4,0,1,14,12,,,2,10,3,0,2,0,2,0,,,,,15,3,11,3,2,5,688,217,621,153,23,15,6,1,8,0,,,36,37,4,5,10,20,9,11,,
148,1. FSV Mainz 05,Borussia Dortmund,1,2,38,62,12,11,4,6,7,3,1,2,2,3,2,0,15,7,2,0,0,0,7,13,,,7,7,0,2,0,1,,,1,1,,,10,6,2,5,4,3,395,661,277,546,25,46,4,1,4,9,,,47,57,12,21,24,14,25,8,,
145,Bayern München,1. FC Köln,1,1,78,22,25,3,7,1,8,1,10,1,9,4,2,2,7,10,0,1,0,0,9,7,,,2,12,1,1,1,0,1,0,0,1,,,17,3,8,0,0,6,857,243,773,143,39,12,8,1,20,2,,,70,47,16,10,25,28,7,16,,
167,VfL Bochum,1899 Hoffenheim,5,2,47,53,16,9,10,4,2,4,4,1,6,6,2,2,13,15,2,3,0,0,15,12,,,6,6,5,2,1,1,,,,,,,12,6,4,3,2,5,329,369,227,261,32,29,6,3,10,12,,,60,57,17,22,18,11,6,14,,
166,Eintracht Frankfurt,Hertha BSC,3,0,62,38,10,15,4,3,4,4,2,8,7,1,3,2,12,10,1,2,0,0,10,11,,,5,6,4,0,2,0,,,0,1,,,7,10,3,5,2,1,645,398,534,301,29,18,4,3,5,8,,,49,50,22,14,12,18,12,16,,
176,1899 Hoffenheim,Bayer 04 Leverkusen,1,3,50,50,11,12,6,4,3,5,2,3,5,8,2,1,15,9,3,1,0,0,9,13,,,6,6,1,2,0,1,,,1,2,,,4,7,7,5,1,5,484,491,397,408,21,32,2,4,3,14,,,46,65,15,12,19,26,14,11,,
175,Werder Bremen,Borussia Dortmund,0,2,43,57,9,18,4,9,3,8,2,1,3,7,4,3,7,7,1,0,0,0,7,7,,,15,3,1,3,1,3,0,1,0,1,,,6,14,3,4,7,4,406,534,291,444,26,31,5,5,10,21,,,48,47,13,11,19,8,12,11,,
141,1. FC Köln,Werder Bremen,7,1,51,49,15,5,7,2,6,0,2,3,2,2,0,3,10,14,,,0,0,13,10,,,3,4,6,0,1,0,1,0,4,0,,,13,4,2,1,1,1,501,474,399,384,22,28,0,7,7,7,,,66,57,19,15,27,25,8,10,,
151,SC Freiburg,Eintracht Frankfurt,1,1,44,56,13,4,5,2,6,2,2,0,4,3,4,2,15,16,3,3,0,0,14,12,,,6,4,3,0,2,0,,,,,,,9,3,4,1,1,5,405,520,292,413,38,13,7,3,10,7,,,79,48,29,18,26,11,15,4,,
161,Bayer 04 Leverkusen,Borussia Dortmund,0,2,57,43,21,6,6,2,9,2,6,2,8,4,2,2,13,20,2,4,0,0,20,13,,,9,12,2,2,2,1,,,1,0,,,15,3,6,3,1,6,558,426,480,346,21,34,7,2,11,9,,,64,54,15,15,18,17,5,8,,
162,FC Augsburg,Bayer 04 Leverkusen,1,0,40,60,10,13,5,4,2,5,3,4,2,1,2,1,14,8,3,2,0,0,7,14,,,11,6,1,0,,,0,1,,,,,4,4,6,9,4,4,416,619,305,514,23,30,3,2,3,8,,,48,45,13,8,25,15,21,13,,
158,1899 Hoffenheim,Borussia M'gladbach,1,4,50,50,15,9,5,5,6,4,4,0,4,3,4,2,23,10,2,1,0,0,10,23,,,3,9,3,2,2,0,1,0,0,4,,,10,6,5,3,1,3,437,441,337,346,23,21,5,2,11,3,,,55,58,13,17,21,17,5,9,,
170,VfL Wolfsburg,Bayern München,2,4,52,48,22,9,5,4,8,3,9,2,7,4,5,3,10,9,2,6,0,1,9,10,,,4,8,4,0,3,0,,,0,1,,,16,5,6,4,0,3,535,500,462,420,30,28,8,2,7,17,,,52,67,11,23,25,17,11,8,,
163,1. FC Köln,RB Leipzig,0,0,44,56,9,7,0,2,4,2,5,3,5,1,2,3,10,15,3,4,0,0,14,10,,,4,5,1,2,1,2,2,0,0,1,,,5,5,4,2,2,0,434,569,321,439,20,27,3,1,7,10,,,45,56,9,11,15,25,21,10,,
164,1. FC Union Berlin,1. FSV Mainz 05,2,1,51,49,11,12,4,5,2,5,5,2,5,5,1,2,11,10,1,1,0,0,9,9,,,7,3,1,1,,,,,,,,,8,7,3,5,4,2,433,420,299,290,27,35,7,3,2,9,,,49,69,30,36,9,15,3,8,,
180,FC Augsburg,1899 Hoffenheim,1,0,46,54,13,8,3,2,7,2,3,4,6,1,1,1,13,14,3,3,0,0,14,12,,,10,7,1,0,,,,,,,,,8,3,5,5,2,1,373,449,257,331,25,35,5,3,3,3,,,41,55,12,22,12,18,9,2,,
168,Borussia M'gladbach,FC Schalke 04,0,0,54,46,18,19,4,5,7,11,7,3,9,5,1,4,9,15,2,3,0,0,15,8,,,12,8,1,1,1,1,,,1,1,,,11,10,7,9,5,4,464,391,384,303,17,27,5,6,11,4,,,55,68,17,29,12,27,5,8,,
171,FC Schalke 04,VfL Wolfsburg,0,0,53,47,20,8,5,2,9,5,6,1,9,3,5,3,10,20,1,4,0,0,20,10,,,6,10,0,3,0,3,0,1,,,,,11,8,9,0,2,5,324,298,201,182,29,19,9,1,9,5,,,70,68,30,39,11,14,5,4,,
156,SC Freiburg,FC Augsburg,3,1,46,54,14,15,10,4,1,8,3,3,3,7,1,0,14,9,3,3,0,0,8,14,,,7,4,3,3,2,2,1,0,,,,,11,10,3,5,3,7,402,462,300,355,24,29,7,4,3,5,,,62,63,31,24,20,20,5,6,,
173,Bayern München,VfL Bochum,3,0,65,35,23,7,12,1,8,4,3,2,6,3,0,1,10,12,1,1,0,0,12,10,,,7,12,9,0,6,0,,,1,0,,,16,2,7,5,1,9,596,319,499,222,35,32,8,3,12,4,,,62,57,25,16,13,27,8,12,,
160,FC Schalke 04,1. FC Köln,0,0,53,47,17,6,2,0,9,4,6,2,7,7,0,1,13,16,3,4,0,0,15,13,,,5,9,1,0,1,0,,,0,1,,,10,5,7,1,0,2,379,340,258,235,35,21,10,3,4,6,,,59,68,23,31,17,18,10,6,,
181,Borussia M'gladbach,Bayern München,3,2,54,46,17,13,7,5,6,5,4,3,4,0,0,4,9,9,0,1,0,1,8,7,,,5,8,4,2,2,1,1,0,6,1,,,13,6,4,7,3,4,581,506,514,426,21,17,4,3,9,22,,,46,57,8,7,21,21,14,5,,
184,VfL Wolfsburg,RB Leipzig,0,3,43,57,7,16,2,5,3,9,2,2,2,5,0,1,16,15,1,1,0,0,14,14,,,12,6,0,6,0,4,0,1,0,2,,,3,10,4,6,1,2,460,604,372,526,17,43,0,6,15,18,,,52,62,6,17,17,13,9,12,,
154,1. FSV Mainz 05,VfL Bochum,5,2,43,57,14,15,7,4,6,7,1,4,3,2,3,1,17,11,0,1,0,0,9,15,,,12,7,5,1,1,0,,,1,0,,,11,7,3,8,2,2,340,465,209,330,36,52,3,4,7,6,,,70,62,38,31,17,10,10,7,,
169,VfB Stuttgart,Werder Bremen,0,2,58,42,17,9,5,3,6,2,6,4,8,4,2,0,8,18,2,5,0,0,17,8,,,3,8,2,0,2,0,,,,,,,9,3,8,6,1,5,518,387,436,299,32,28,4,2,16,11,,,57,60,13,16,11,25,6,8,,
174,SC Freiburg,VfB Stuttgart,2,1,52,48,9,15,5,3,2,4,2,8,4,3,4,2,13,10,3,3,0,0,9,13,,,5,6,2,1,0,1,0,1,0,1,,,7,10,2,5,2,3,486,438,398,357,31,30,2,2,11,8,,,45,52,15,20,10,11,5,8,,
172,1. FSV Mainz 05,FC Augsburg,3,1,50,50,15,13,7,3,7,5,1,5,4,12,6,1,12,6,1,1,0,0,6,11,,,4,10,6,1,3,0,,,,,,,12,11,3,2,2,3,383,370,261,220,39,28,4,9,11,12,,,75,72,40,28,18,21,7,8,,
178,Hertha BSC,Borussia M'gladbach,4,1,31,69,18,8,6,3,9,3,3,2,4,6,2,5,12,11,1,1,0,0,11,12,,,5,7,3,0,1,0,,,1,0,,,15,7,3,1,2,1,268,646,185,555,19,14,4,4,9,12,,,55,57,9,17,26,16,16,10,,
185,Eintracht Frankfurt,Werder Bremen,2,0,45,55,11,3,6,0,3,2,2,1,5,2,5,1,15,9,1,1,0,0,9,15,,,4,4,4,0,3,0,,,1,0,,,8,2,3,1,0,5,485,615,389,500,21,46,6,2,8,11,,,50,59,12,11,21,22,4,10,,
182,VfB Stuttgart,1. FC Köln,3,0,46,54,17,12,7,4,6,3,4,5,3,6,1,3,10,12,3,4,0,0,12,10,,,3,13,1,0,1,0,,,,,,,15,7,2,5,4,4,396,481,298,374,15,28,5,3,15,5,,,60,52,20,13,13,24,13,9,,
179,1. FC Köln,Eintracht Frankfurt,3,0,43,57,8,6,4,1,2,3,2,2,3,9,1,2,15,11,3,2,0,0,11,15,,,7,6,4,0,2,0,,,2,0,,,6,5,2,1,1,1,410,550,309,439,29,22,4,4,9,16,,,69,59,19,16,30,12,7,5,,
186,1. FC Union Berlin,FC Schalke 04,0,0,54,46,9,8,4,1,3,6,2,1,6,4,,,13,19,2,1,0,0,19,11,,,3,5,1,0,1,0,,,,,,,5,6,4,2,1,4,427,360,312,235,38,23,5,7,6,4,,,80,60,35,31,21,14,8,8,,
190,Köln,Wolfsburg,0,2,57,43,13,7,5,4,4,1,4,2,10,2,6,2,9,16,1,2,0,0,16,9,,,2,6,2,1,2,0,,,,,,,10,3,3,4,2,5,446,343,362,249,20,30,8,2,7,13,,,60,48,19,11,18,15,6,14,,
177,RB Leipzig,1. FC Union Berlin,1,2,64,36,10,6,2,3,3,3,5,0,3,4,4,2,15,13,4,4,0,0,13,13,,,4,7,1,2,1,1,,,0,1,,,4,2,6,4,1,1,648,358,551,243,39,26,3,2,7,3,,,54,51,21,25,13,10,9,8,,
189,Mainz 05,Borussia Mönchengladbach,4,0,36,64,14,9,8,2,4,3,2,4,3,3,2,3,17,6,2,3,0,0,6,17,,,4,6,4,1,2,1,,,,,,,10,4,4,5,2,4,339,616,243,507,21,36,4,2,2,16,,,47,60,17,13,22,14,11,14,,
191,Hertha Berlin,Augsburg,2,0,44,56,11,8,3,1,5,2,3,5,1,6,5,1,16,19,1,3,0,0,18,16,,,8,5,1,1,1,1,,,,,,,6,5,5,3,1,1,316,392,198,267,24,33,2,5,7,7,,,70,59,25,17,20,19,10,4,,
183,VfL Bochum,SC Freiburg,0,2,47,53,16,19,5,5,7,8,4,6,5,5,1,0,15,10,4,2,1,0,10,15,,,7,10,1,3,1,2,0,1,,,,,11,15,5,4,3,5,357,404,229,282,26,30,4,9,8,10,,,76,66,38,28,20,13,15,19,,
192,RB Leipzig,Eintracht Frankfurt,2,1,54,46,10,7,5,4,4,2,1,1,2,6,1,2,11,12,2,3,0,0,11,10,,,3,5,4,1,2,0,,,1,0,,,10,5,0,2,3,3,589,497,480,397,24,16,2,5,18,12,,,60,54,12,11,19,21,6,15,,
187,Borussia Dortmund,Hertha BSC,4,1,59,41,12,16,5,9,4,7,3,0,3,4,0,2,8,14,1,2,0,0,13,8,,,13,5,3,2,0,1,,,,,,,8,9,4,7,8,1,540,371,422,269,42,19,2,1,14,12,,,64,57,22,15,15,22,9,13,,
193,Werder Bremen,Bochum,3,0,59,41,11,7,6,1,4,2,1,4,2,0,2,4,16,16,3,2,0,0,16,15,,,6,8,3,0,1,0,,,,,,,6,6,5,1,1,3,508,349,392,238,41,32,5,4,14,11,,,72,63,29,27,13,10,5,19,,
197,Bayern München,Union Berlin,3,0,70,30,20,3,9,0,5,1,6,2,10,4,3,1,8,9,1,1,0,0,8,8,,,4,9,6,0,4,0,,,3,0,,,15,3,5,0,0,6,755,321,669,237,25,21,5,1,16,7,,,62,39,19,17,19,7,6,6,,
198,Borussia Dortmund,RB Leipzig,2,1,38,62,8,17,3,6,1,8,4,3,4,6,0,2,8,20,2,5,0,0,18,7,,,9,2,1,4,0,3,,,0,2,,,5,14,3,3,4,1,388,626,305,545,32,24,3,7,10,11,,,66,44,17,9,21,17,15,5,,
195,Schalke 04,VfB Stuttgart,2,1,34,66,12,17,6,5,2,8,4,4,6,9,3,1,12,13,2,2,0,0,13,12,,,15,5,2,3,1,3,,,,,,,9,9,3,8,4,4,268,520,178,423,21,32,6,9,12,12,,,50,62,8,19,17,20,8,7,,
196,Freiburg,Bayer Leverkusen,1,1,45,55,9,18,4,4,4,10,1,4,1,3,2,0,14,13,2,1,0,0,12,14,,,10,3,2,3,2,2,1,1,,,,,4,11,5,7,3,3,455,551,337,439,30,16,2,5,7,11,,,53,48,15,11,19,12,7,6,,
202,FC Augsburg,SV Werder Bremen,2,1,38,62,9,20,5,7,2,8,2,5,3,7,3,3,10,9,2,3,0,0,7,10,,,8,2,1,3,1,2,,,0,1,,,4,13,5,7,6,3,350,572,259,465,30,37,1,10,10,9,,,58,60,24,25,17,17,12,5,,
199,1. FC Union Berlin,1. FC Köln,0,0,52,48,8,10,2,4,4,3,2,3,5,4,1,2,9,10,1,0,0,0,10,9,,,5,8,0,1,0,1,,,1,2,,,7,8,1,2,4,2,519,499,414,388,37,21,9,2,13,6,,,58,51,27,22,8,14,8,16,,
215,VfL Wolfsburg,1. FC Union Berlin,1,1,58,42,15,12,6,2,6,7,3,3,3,5,1,1,11,14,1,4,0,0,12,8,,,10,10,3,1,3,0,1,0,1,0,,,10,7,5,5,1,5,497,356,389,248,22,18,5,2,8,3,,,61,38,29,16,12,11,12,7,,
208,Eintracht Frankfurt,VfB Stuttgart,1,1,52,48,10,10,1,4,5,6,4,0,3,2,3,3,16,11,4,1,0,0,9,15,,,7,8,0,1,,,,,0,2,,,6,7,4,3,3,0,484,468,379,363,24,32,4,3,12,20,,,56,72,17,18,18,19,11,16,,
212,FC Schalke 04,Borussia Dortmund,2,2,34,66,10,20,4,8,6,4,0,8,3,6,1,1,16,8,1,1,0,0,8,16,,,8,4,2,2,1,2,,,3,1,,,5,14,5,6,6,2,275,552,190,465,19,35,5,1,5,26,,,46,76,11,14,22,20,10,3,,
205,Bayer 04 Leverkusen,Hertha Berlin,4,1,62,38,16,7,9,2,4,2,3,3,9,2,4,1,11,14,1,2,0,0,13,11,,,3,2,4,1,2,0,1,0,,,,,10,3,6,4,1,5,657,399,570,307,38,14,4,2,11,5,,,59,47,18,15,18,16,13,7,,
207,1. FC Köln,VfL Bochum 1848,0,2,63,37,11,9,5,3,4,2,2,4,10,1,3,1,9,14,2,2,0,0,14,9,,,6,10,0,3,0,1,,,,,,,8,4,3,5,1,5,483,298,369,190,24,29,6,3,9,12,,,63,60,26,26,16,13,11,14,,
201,Borussia M'gladbach,SC Freiburg,0,0,53,47,9,8,4,3,3,4,2,1,6,5,1,2,11,15,5,2,1,0,15,11,,,6,5,2,0,2,0,,,,,,,8,3,1,5,3,3,481,434,404,341,19,25,2,4,4,3,,,52,49,21,18,12,17,10,8,,
206,VfL Wolfsburg,Eintracht Frankfurt,2,2,52,48,12,10,7,2,2,6,3,2,4,5,0,1,11,16,3,3,0,0,15,11,,,7,6,3,2,2,1,0,1,,,,,10,7,2,3,0,4,482,438,391,345,30,18,7,3,7,7,,,52,54,11,16,19,20,4,8,,
210,Hertha Berlin,1. FSV Mainz 05,1,1,40,60,11,6,4,3,4,2,3,1,7,8,2,3,10,15,2,1,0,0,13,10,,,6,6,2,0,1,0,1,0,,,,,8,4,3,2,2,3,271,411,146,284,20,30,4,5,4,3,,,58,77,32,49,10,15,4,13,,
200,1. FSV Mainz 05,TSG Hoffenheim,1,0,47,53,16,15,6,3,5,5,5,7,11,3,4,1,12,15,1,4,0,0,15,12,,,4,9,,,,,,,,,,,11,8,5,7,4,5,359,426,257,313,31,24,4,4,9,13,,,64,70,25,24,15,21,9,4,,
203,VfL Bochum 1848,FC Schalke 04,0,2,63,37,7,10,4,4,2,4,1,2,4,4,2,3,17,11,2,1,0,0,11,15,,,10,7,1,1,1,1,0,1,,,,,5,6,2,4,3,4,406,231,296,136,35,33,5,6,3,10,,,65,64,21,27,30,12,6,6,,
214,SV Werder Bremen,Bayer 04 Leverkusen,2,3,53,47,12,13,6,5,3,6,3,2,2,3,5,1,12,12,2,1,0,0,10,10,,,7,9,2,1,0,1,1,0,,,,,7,9,5,4,2,4,542,480,414,349,41,22,3,1,7,11,,,60,44,26,20,17,3,5,11,,
218,TSG Hoffenheim,Hertha Berlin,3,1,47,53,16,11,7,5,4,3,5,3,8,9,3,1,10,11,0,3,1,0,10,10,,,10,8,4,1,1,1,,,,,,,12,8,4,3,4,4,304,344,204,244,25,33,5,3,5,9,,,65,62,25,25,25,18,2,11,,
213,SC Freiburg,TSG Hoffenheim,2,1,60,40,9,12,3,1,5,6,1,5,2,2,1,2,11,25,2,5,0,1,24,10,,,8,7,0,1,0,1,,,,,,,8,6,1,6,1,1,486,322,380,221,18,23,6,7,4,4,,,70,51,20,24,22,13,9,3,,
224,1. FSV Mainz 05,SC Freiburg,1,1,47,53,10,11,5,5,3,3,2,3,3,5,2,0,18,10,2,3,0,0,10,18,,,7,7,3,2,2,1,,,,,,,6,6,4,5,4,4,390,445,258,303,19,40,4,4,3,3,,,65,74,39,43,13,10,15,15,,
232,1. FC Köln,Borussia M'gladbach,0,0,51,49,12,8,5,2,4,5,3,1,11,1,1,2,18,8,3,3,0,0,8,16,,,7,8,1,0,1,0,,,2,0,,,7,4,5,4,2,5,438,451,360,356,20,14,8,5,0,9,,,36,55,11,13,17,17,21,6,,
211,RB Leipzig,Borussia M'gladbach,3,0,66,34,14,7,9,3,3,4,2,0,11,0,3,1,9,9,1,0,0,0,8,9,,,7,7,4,2,2,2,1,1,2,0,,,11,6,3,1,3,6,693,354,606,269,21,23,5,2,14,8,,,44,34,5,4,17,13,12,5,,
209,FC Bayern München,FC Augsburg,5,3,66,34,23,13,8,6,8,4,7,3,8,5,2,1,8,10,2,1,0,0,10,8,,,7,10,2,4,0,1,,,1,0,,,16,10,7,3,3,4,581,296,507,213,23,21,6,1,19,6,,,58,42,14,7,15,21,6,8,,
219,VfB Stuttgart,VfL Wolfsburg,0,1,57,43,12,9,2,3,5,5,5,1,3,8,4,2,10,8,1,0,0,0,8,10,,,7,10,0,1,0,1,,,1,3,,,5,4,7,5,2,2,504,384,428,296,29,29,5,3,11,14,,,45,67,12,19,14,24,15,6,,
230,VfL Wolfsburg,FC Augsburg,2,2,68,32,23,5,5,2,14,1,4,2,4,7,3,2,9,15,3,2,0,0,12,9,,,4,18,7,2,5,2,1,0,0,2,,,16,4,7,1,1,3,628,291,560,201,36,29,11,2,4,4,,,38,38,13,10,9,15,5,8,,
231,FC Bayern München,Borussia Dortmund,4,2,49,51,16,10,9,4,4,5,3,1,6,2,5,0,11,7,1,1,0,0,7,11,,,5,6,5,2,2,1,,,1,0,,,11,8,5,2,2,6,534,564,459,484,36,41,4,6,14,14,,,54,47,8,4,25,18,9,11,,
216,Borussia M'gladbach,SV Werder Bremen,2,2,59,41,21,8,9,3,9,4,3,1,6,5,4,0,9,12,1,1,0,0,12,8,,,7,9,5,1,5,0,,,3,0,,,9,7,12,1,1,6,535,370,454,277,22,29,7,6,8,13,,,40,62,11,27,9,14,7,8,,
222,1. FC Union Berlin,Eintracht Frankfurt,2,0,37,63,15,19,3,5,10,6,2,8,3,7,1,0,19,15,3,2,0,0,15,19,,,9,11,2,5,1,5,1,0,1,0,,,9,14,6,5,5,1,289,496,191,405,27,19,2,9,8,19,,,52,67,24,23,7,6,13,2,,
223,Bayer 04 Leverkusen,FC Bayern München,2,1,40,60,11,11,5,6,5,4,1,1,5,3,3,1,10,11,2,3,0,0,11,10,,,7,6,2,2,0,2,,,1,2,,,4,8,7,3,5,3,403,603,326,515,21,31,0,4,20,14,,,61,66,11,19,19,23,10,12,,
221,Borussia Dortmund,1. FC Köln,6,1,64,36,12,11,8,5,4,3,0,3,1,6,,,7,10,1,0,0,0,10,7,,,3,2,5,2,1,1,2,1,0,2,,,11,8,1,3,4,2,718,398,648,339,45,16,2,6,17,8,,,46,41,3,5,16,21,8,10,,
228,RB Leipzig,1. FSV Mainz 05,0,3,70,30,12,19,3,7,5,4,4,8,3,4,4,0,13,20,3,3,0,0,18,13,,,6,10,1,3,1,2,0,1,1,1,,,3,13,9,6,4,3,706,308,607,207,31,29,2,6,9,5,,,41,58,9,21,5,19,6,14,,
226,1. FC Union Berlin,VfB Stuttgart,3,0,38,62,12,17,5,8,6,6,1,3,3,5,5,2,11,12,1,1,0,0,11,11,,,6,9,2,6,0,6,,,,,,,10,9,2,8,7,3,300,511,202,416,25,40,6,4,5,8,,,52,48,21,19,15,10,4,6,,
235,Bayer Leverkusen,Eintracht Frankfurt,3,1,43,57,14,9,9,2,3,3,2,4,2,5,1,0,9,13,1,5,0,0,10,9,,,8,4,3,1,,,,,1,0,,,12,6,2,3,1,6,436,569,347,469,19,28,0,7,15,6,,,57,35,9,9,23,11,13,11,,
236,Borussia Dortmund,Union Berlin,2,1,64,36,15,7,6,2,6,5,3,0,8,0,0,4,8,11,5,2,0,0,11,7,,,9,8,3,1,1,0,,,1,1,,,11,2,4,5,1,4,583,328,494,242,31,26,6,5,21,10,,,73,60,23,16,19,27,5,9,,
227,FC Schalke 04,Bayer 04 Leverkusen,0,3,48,52,12,18,3,10,5,6,4,2,7,5,3,1,20,13,2,1,0,0,13,20,,,7,12,1,6,1,4,0,1,,,,,6,12,6,6,6,3,341,388,245,293,18,16,9,3,7,16,,,60,68,18,17,22,15,2,9,,
220,VfL Bochum 1848,RB Leipzig,1,0,35,65,8,22,2,8,3,7,3,7,2,7,,,11,8,2,3,0,0,8,10,,,8,6,3,3,2,3,0,1,1,1,,,5,15,3,7,9,2,295,543,196,449,29,46,2,10,4,22,,,47,70,15,22,20,16,11,10,,
234,Mainz 05,Werder Bremen,2,2,50,50,16,9,10,4,3,5,3,0,1,2,3,1,11,22,1,5,0,0,21,10,,,4,9,4,2,2,1,,,,,,,11,6,5,3,2,8,457,461,325,336,35,41,7,3,6,7,,,59,47,19,20,13,10,12,11,,
237,Augsburg,Köln,1,3,52,48,13,11,1,6,5,1,7,4,6,1,4,8,5,11,3,4,0,0,11,5,,,2,8,2,3,1,1,,,0,1,,,7,9,6,2,3,0,449,419,325,303,22,23,3,5,8,4,,,60,54,34,32,8,13,6,8,,
217,FC Augsburg,FC Schalke 04,1,1,42,58,9,14,3,5,6,6,0,3,9,6,1,0,11,14,4,4,1,0,13,11,,,15,9,1,3,0,2,,,,,,,4,12,5,2,4,2,273,357,176,273,30,34,4,13,5,9,,,51,64,17,31,17,13,4,12,,
225,Eintracht Frankfurt,VfL Bochum 1848,1,1,73,27,19,7,7,2,5,4,7,1,15,2,2,0,14,13,3,2,0,0,13,14,,,10,6,3,2,2,1,0,1,,,,,16,5,3,2,1,5,574,223,483,128,29,16,8,2,8,7,,,62,61,30,25,11,15,5,10,,
240,Borussia M'gladbach,Wolfsburg,2,0,44,56,13,10,6,2,3,5,4,3,5,8,2,2,12,11,0,1,0,0,10,12,,,11,8,2,2,1,2,,,,,,,7,6,6,4,2,4,389,482,296,402,20,27,6,5,7,8,,,44,52,11,11,17,21,7,6,,
238,Freiburg,Bayern München,0,1,33,67,10,22,2,8,5,9,3,5,2,6,1,3,11,14,2,2,0,0,13,11,,,9,6,1,8,1,8,1,1,1,3,,,7,18,3,4,7,2,323,657,219,576,20,31,2,6,11,16,,,62,66,17,23,21,16,15,11,,
233,SV Werder Bremen,TSG Hoffenheim,1,2,57,43,12,8,4,2,7,2,1,4,1,6,5,2,12,16,3,4,0,0,15,11,,,5,7,1,2,1,0,1,0,,,,,8,6,4,2,0,3,533,395,417,290,38,34,9,6,12,5,,,66,48,23,16,16,16,8,11,,
251,VfL Wolfsburg,Bayer 04 Leverkusen,0,0,43,57,11,15,3,4,6,5,2,6,2,5,1,2,10,17,0,5,0,0,16,9,,,5,8,0,1,0,1,0,1,0,2,,,8,8,3,7,4,3,445,593,367,517,23,33,4,2,12,16,,,51,47,6,12,17,10,7,8,,
243,FC Schalke 04,Hertha Berlin,5,2,52,48,14,11,7,5,4,3,3,3,7,8,3,4,12,19,2,3,0,0,17,12,,,7,6,2,1,1,0,0,1,3,1,,,6,8,8,3,3,1,293,261,188,168,28,18,6,0,7,8,,,68,55,32,26,12,9,5,8,,
244,1. FC Köln,1. FSV Mainz 05,1,1,54,46,11,5,4,1,7,4,0,0,3,3,1,3,10,15,3,2,0,0,15,9,,,8,12,1,1,1,0,,,1,1,,,8,2,3,3,0,3,448,384,326,261,29,32,4,3,9,9,,,63,61,30,31,9,12,10,10,,
246,RB Leipzig,FC Augsburg,3,2,59,41,12,12,6,2,3,5,3,5,3,5,5,3,8,11,2,3,0,0,11,8,,,6,5,3,1,1,0,,,1,0,,,8,7,4,5,0,3,637,432,542,350,29,20,4,3,13,14,,,50,42,11,9,15,11,9,15,,
242,Hoffenheim,Schalke 04,2,0,45,55,15,11,4,3,10,7,1,1,9,8,2,1,14,13,3,0,0,0,13,14,,,12,13,3,0,2,0,0,2,1,0,,,12,8,3,3,3,3,303,366,197,261,35,32,7,10,12,6,,,71,58,34,25,12,13,9,5,,
229,SC Freiburg,Hertha Berlin,1,1,58,42,16,10,8,3,4,6,4,1,2,2,2,2,7,11,1,1,0,0,11,7,,,9,9,0,5,0,4,1,0,0,1,,,7,9,9,1,1,7,522,378,431,290,40,21,8,5,8,5,,,51,51,19,21,14,18,6,7,,
241,Bochum,Stuttgart,2,3,55,45,12,15,5,7,4,6,3,2,7,4,2,0,12,8,3,3,0,0,8,12,,,6,6,2,4,0,2,,,1,1,,,9,11,3,4,4,3,475,384,366,281,34,24,8,7,7,20,,,58,68,18,22,25,14,11,3,,
239,Hertha Berlin,RB Leipzig,0,1,33,67,11,18,1,6,6,6,4,6,4,4,0,3,12,13,4,3,0,0,12,11,,,6,7,0,2,0,1,,,0,1,,,4,13,7,5,5,1,276,578,167,478,25,23,4,4,10,10,,,57,59,17,22,18,16,14,8,,
250,1. FC Union Berlin,VfL Bochum 1848,1,1,40,60,10,14,2,6,7,4,1,4,5,7,4,0,10,7,2,1,1,0,6,10,,,9,8,1,1,1,0,1,0,,,,,7,10,3,4,5,1,324,493,209,376,25,34,7,8,10,10,,,51,65,26,36,9,9,8,6,,
249,SV Werder Bremen,SC Freiburg,1,2,50,50,13,7,5,3,6,0,2,4,5,2,1,4,14,11,2,3,0,0,11,14,,,5,6,2,0,1,0,,,2,0,,,8,4,5,3,1,4,493,502,367,387,34,35,4,3,10,8,,,63,74,30,35,13,17,8,9,,
253,1. FSV Mainz 05,FC Bayern München,3,1,26,74,12,11,4,2,4,6,4,3,2,7,2,3,14,6,2,0,0,0,6,14,,,10,6,2,4,0,3,,,1,0,,,8,8,4,3,1,1,247,736,154,642,25,24,2,5,5,23,,,49,70,19,17,19,16,13,5,,
245,FC Bayern München,TSG Hoffenheim,1,1,66,34,22,4,8,1,6,2,8,1,13,4,1,1,7,10,2,1,0,0,10,7,,,4,8,3,0,2,0,,,1,0,,,14,2,8,2,0,7,658,337,574,255,21,31,11,2,8,16,,,44,59,18,19,8,18,11,12,,
252,FC Augsburg,VfB Stuttgart,1,1,38,62,4,7,1,3,0,1,3,3,1,3,0,1,17,12,5,3,0,0,11,17,,,7,5,1,2,0,1,,,,,,,2,5,2,2,2,0,328,539,234,434,10,32,5,2,11,7,,,49,62,7,20,20,18,8,8,,
248,Eintracht Frankfurt,Borussia M'gladbach,1,1,59,41,16,4,5,2,7,2,4,0,10,2,2,2,16,5,1,2,0,0,4,15,,,5,16,4,1,4,0,1,0,,,,,11,2,5,2,1,4,559,411,450,317,20,20,8,0,15,6,,,44,46,10,15,15,10,16,10,,
247,VfB Stuttgart,Borussia Dortmund,3,3,43,57,12,15,5,6,5,5,2,4,5,7,2,1,7,14,5,3,1,0,14,6,,,6,10,3,5,3,3,0,2,1,3,,,8,11,4,4,3,2,452,615,392,539,28,26,5,3,16,12,,,50,45,7,10,13,17,10,6,,
263,1. FC Union Berlin,Bayer 04 Leverkusen,0,0,34,66,9,9,1,1,6,6,2,2,6,4,1,1,9,8,1,1,0,0,8,9,,,6,10,,,,,,,1,0,,,7,7,2,2,1,1,324,650,227,566,25,20,6,3,4,9,,,47,40,17,17,18,5,14,5,,
254,Hertha Berlin,SV Werder Bremen,2,4,54,46,14,13,5,4,6,7,3,2,8,4,1,1,11,12,2,2,0,0,12,10,,,6,5,3,4,1,1,,,0,1,,,6,11,8,2,1,3,432,366,335,260,22,25,4,4,23,9,,,60,52,16,13,9,20,12,9,,
255,TSG Hoffenheim,1. FC Köln,1,3,55,45,12,13,4,6,6,6,2,1,2,5,1,3,11,11,1,2,0,0,11,10,,,11,9,0,2,,,,,1,2,,,6,8,6,5,3,3,485,403,364,296,33,27,4,3,14,7,,,69,58,27,30,17,11,7,13,,
258,SC Freiburg,FC Schalke 04,4,0,45,55,26,9,12,3,10,2,4,4,6,5,2,1,9,10,1,2,0,0,10,9,,,4,10,6,0,4,0,1,0,2,1,,,17,5,9,4,3,8,315,398,244,324,18,26,10,4,8,3,,,53,47,22,20,13,15,8,7,,
257,Borussia Dortmund,Eintracht Frankfurt,4,0,54,46,14,9,7,2,4,3,3,4,5,2,1,3,10,13,2,3,0,0,13,9,,,7,6,3,0,2,0,,,,,,,10,7,4,2,2,3,496,424,412,339,40,17,6,2,19,8,,,61,52,11,5,18,30,11,13,,
256,VfL Bochum 1848,VfL Wolfsburg,1,5,55,45,24,15,6,7,8,6,10,2,10,3,4,0,11,8,3,3,0,0,8,11,,,7,9,4,4,3,2,1,2,0,2,,,17,13,7,2,2,5,360,312,264,225,33,30,9,4,5,15,,,59,58,25,14,21,18,11,8,,
264,Eintracht Frankfurt,FC Augsburg,1,1,59,41,7,10,1,3,5,2,1,5,5,7,4,3,6,11,2,2,0,0,11,6,,,4,9,,,,,,,1,0,,,4,5,3,5,2,1,528,359,412,245,26,25,2,2,6,12,,,51,50,19,25,15,7,10,10,,
266,VfB Stuttgart,Borussia M'gladbach,2,1,41,59,17,9,6,4,6,1,5,4,5,8,3,0,11,14,2,2,0,1,14,10,,,5,6,4,2,2,1,,,2,0,,,11,6,6,3,3,3,443,627,364,541,19,31,5,2,15,8,,,62,44,22,7,11,19,12,10,,
267,FC Schalke 04,SV Werder Bremen,2,1,57,43,19,10,10,1,6,6,3,3,11,3,3,4,10,17,4,3,0,0,17,10,,,8,10,2,3,1,2,1,0,1,0,,,14,6,5,4,0,8,411,336,317,246,33,17,13,0,4,4,,,69,58,33,22,15,22,2,6,,
274,Hertha Berlin,VfB Stuttgart,2,1,29,71,7,14,3,4,4,5,0,5,3,5,1,2,9,19,4,1,0,0,19,6,,,5,8,3,1,1,0,,,1,0,,,5,10,2,4,3,1,251,610,163,513,16,33,5,7,12,14,,,71,65,19,30,23,15,20,5,,
262,1. FC Köln,SC Freiburg,0,1,57,43,19,13,4,6,7,4,8,3,9,6,1,0,15,7,1,1,0,0,7,15,,,5,12,1,2,1,1,,,3,0,,,10,9,9,4,5,5,451,353,354,243,23,22,12,4,8,6,,,57,62,31,33,11,8,9,9,,
278,Borussia Dortmund,VfL Wolfsburg,6,0,57,43,20,10,10,3,7,3,3,4,10,6,2,2,11,14,0,1,0,0,14,10,,,6,10,9,2,5,2,,,1,3,,,11,7,9,3,3,4,501,368,445,311,41,30,3,1,10,8,,,48,46,8,7,17,21,4,6,,
261,VfL Bochum 1848,Borussia Dortmund,1,1,33,67,13,22,4,7,4,9,5,6,4,11,2,1,13,9,1,2,0,0,8,13,,,9,8,0,5,0,4,,,0,2,,,9,19,4,3,6,3,251,485,169,399,29,40,3,11,4,12,,,43,41,11,11,19,5,8,4,,
282,FC Bayern München,FC Schalke 04,6,0,62,38,25,8,14,0,7,4,4,4,4,3,2,0,10,10,0,3,0,0,10,10,,,7,8,7,0,3,0,,,1,0,,,19,3,6,5,0,7,536,309,472,241,13,16,1,7,10,8,,,48,43,14,10,14,15,12,9,,
276,TSG Hoffenheim,Eintracht Frankfurt,3,1,31,69,8,19,4,7,3,4,1,8,1,11,2,0,17,14,2,4,1,0,13,16,,,12,5,3,3,0,2,1,0,1,0,,,5,12,3,7,5,1,251,547,183,465,29,29,4,5,7,1,,,48,42,18,14,10,11,12,5,,
279,1. FC Köln,Hertha Berlin,5,2,63,37,31,9,16,3,11,2,4,4,12,3,,,11,13,2,7,0,0,12,9,,,7,11,6,1,4,1,2,0,3,0,,,26,8,5,1,1,11,513,302,431,215,14,24,14,2,20,14,,,75,50,25,15,18,12,10,9,,
297,1. FC Köln,FC Bayern München,1,2,47,53,8,12,2,4,5,5,1,3,7,3,0,2,10,8,3,0,0,0,6,10,,,8,6,1,2,0,2,0,1,1,1,,,6,11,2,1,2,1,436,514,338,420,22,22,7,3,10,16,,,59,65,21,15,22,25,20,5,,
259,Bayer 04 Leverkusen,RB Leipzig,2,0,31,69,7,26,4,6,2,11,1,9,0,9,1,3,9,9,3,5,0,1,8,9,,,13,2,1,2,0,2,1,0,1,0,,,3,11,4,15,5,2,324,710,239,607,25,19,1,8,3,12,,,37,40,14,6,12,13,22,7,,
290,Hertha Berlin,VfL Bochum 1848,1,1,51,49,14,16,3,4,8,8,3,4,9,5,1,1,7,10,1,1,0,0,10,7,,,9,16,3,3,2,2,1,1,,,,,9,9,5,7,3,2,328,322,212,207,26,40,4,8,16,2,,,62,58,22,36,14,13,7,10,,
281,Eintracht Frankfurt,1. FSV Mainz 05,3,0,56,44,18,9,6,3,9,3,3,3,5,1,0,1,4,10,1,3,0,0,10,4,,,9,9,2,2,1,2,,,2,1,,,14,6,4,3,3,3,537,424,452,330,26,31,5,3,4,9,,,40,45,9,19,17,14,6,13,,
287,RB Leipzig,SV Werder Bremen,2,1,62,38,20,6,7,2,10,2,3,2,3,2,5,1,12,20,2,4,0,0,20,12,,,6,10,1,2,0,1,,,,,,,12,5,8,1,1,5,573,348,487,250,17,26,7,2,17,6,,,74,41,20,7,17,16,9,6,,
265,RB Leipzig,TSG Hoffenheim,1,0,58,42,15,5,2,1,8,3,5,1,7,1,3,1,10,14,0,2,0,0,14,10,,,8,9,3,0,2,0,1,0,3,0,,,13,4,2,1,1,1,586,420,493,333,30,23,2,1,14,6,,,50,47,11,15,11,16,9,10,,
277,SV Werder Bremen,FC Bayern München,1,2,33,67,13,13,2,4,6,4,5,5,1,11,1,0,14,11,2,1,0,0,11,14,,,11,7,1,4,1,2,,,,,,,6,9,7,4,2,1,330,671,244,587,31,26,4,8,7,15,,,64,62,20,20,26,13,10,7,,
296,Bayer 04 Leverkusen,Borussia M'gladbach,2,2,47,53,13,11,5,6,8,4,0,1,2,3,1,1,12,15,3,3,1,0,15,12,,,9,8,3,4,1,2,,,,,,,8,10,5,1,4,3,546,619,475,553,20,16,4,5,13,4,,,46,38,8,5,10,17,4,10,,
270,1. FSV Mainz 05,FC Schalke 04,2,3,57,43,10,16,4,10,3,4,3,2,7,6,3,1,12,10,4,1,0,0,10,12,,,8,5,1,5,0,4,0,1,0,2,,,9,9,1,7,7,2,403,313,274,200,26,24,5,1,7,10,,,68,60,38,29,13,9,4,8,,
269,VfL Wolfsburg,1. FSV Mainz 05,3,0,51,49,10,10,4,2,5,6,1,2,3,5,2,4,6,11,1,3,0,0,10,6,,,9,10,2,2,1,2,,,,,,,9,7,1,3,2,2,491,464,385,360,27,18,3,4,14,6,,,58,50,16,19,19,19,11,16,,
273,FC Augsburg,1. FC Union Berlin,1,0,38,62,13,12,3,5,7,6,3,1,3,7,0,2,10,14,2,2,0,0,12,10,,,11,10,1,0,1,0,0,1,1,0,,,4,7,9,5,5,2,312,501,227,416,36,32,2,8,7,9,,,48,44,24,21,5,4,4,5,,
299,Borussia Dortmund,1. FSV Mainz 05,2,2,73,27,29,10,10,4,15,4,4,2,6,3,1,0,5,13,1,1,0,0,13,5,,,9,11,6,3,6,2,1,1,1,2,,,21,7,8,3,2,8,661,246,583,166,27,15,21,5,16,16,,,73,59,21,15,23,23,8,10,,
260,Borussia M'gladbach,1. FC Union Berlin,0,1,62,38,8,13,4,3,3,6,1,4,2,2,0,3,10,12,3,2,0,0,12,10,,,10,5,0,3,0,2,,,0,2,,,4,8,4,5,1,4,664,408,590,331,23,30,7,3,5,8,,,38,51,14,23,7,10,5,6,,
272,Borussia M'gladbach,VfL Bochum 1848,2,0,56,44,25,14,9,2,10,8,6,4,11,3,3,2,7,13,2,1,0,0,13,7,,,10,9,3,1,2,1,2,1,1,0,,,20,8,5,6,2,7,413,335,308,222,20,35,7,3,6,2,,,59,49,29,30,11,10,8,11,,
295,FC Augsburg,Borussia Dortmund,0,3,36,64,4,28,1,10,1,9,2,9,3,8,2,1,12,9,3,3,1,0,9,11,,,8,3,1,8,1,5,0,2,,,,,1,17,3,11,7,1,301,553,240,492,23,23,1,9,6,12,,,41,37,10,5,16,9,4,8,,
268,FC Bayern München,Hertha Berlin,2,0,81,19,26,2,9,1,9,0,8,1,18,1,2,2,5,8,2,0,0,0,8,5,,,2,13,4,0,2,0,,,,,,,20,2,6,0,1,7,765,180,694,105,39,14,11,1,21,11,,,58,41,17,12,12,14,5,16,,
288,SC Freiburg,VfL Wolfsburg,2,0,43,57,16,9,7,2,6,4,3,3,4,4,2,0,15,16,1,3,1,0,15,15,,,9,9,2,1,1,1,,,,,,,11,6,5,3,2,5,366,488,299,397,38,21,6,2,8,6,,,51,47,14,12,14,14,10,5,,
285,Borussia Dortmund,Borussia M'gladbach,5,2,55,45,34,13,12,8,14,3,8,2,10,4,0,3,10,12,0,2,0,0,12,9,,,6,15,8,2,4,1,1,0,,,,,19,8,15,5,5,7,551,459,497,401,22,13,5,5,22,6,,,56,40,6,6,16,19,5,7,,
271,Bayer 04 Leverkusen,1. FC Köln,1,2,64,36,13,7,3,5,3,2,7,0,9,2,3,0,8,13,1,6,0,0,13,6,,,5,6,0,2,,,,,2,1,,,9,5,4,2,3,2,672,375,554,270,24,19,4,5,18,3,,,70,50,19,21,20,20,10,14,,
293,FC Bayern München,RB Leipzig,1,3,60,40,15,14,4,7,4,5,7,2,7,2,3,0,8,11,1,1,0,0,10,6,,,4,13,3,4,3,2,,,1,3,,,8,9,7,5,4,3,575,388,502,307,33,29,4,3,15,8,,,53,51,8,6,20,31,8,14,,
286,VfB Stuttgart,Bayer 04 Leverkusen,1,1,52,48,9,12,1,2,5,7,3,3,7,3,,,7,14,3,4,0,0,13,7,,,9,6,2,3,1,2,,,1,0,,,7,9,2,3,1,0,520,470,450,403,27,15,2,6,3,8,,,37,37,11,5,10,17,8,8,,
280,1. FC Union Berlin,SC Freiburg,4,2,36,64,10,11,4,6,6,2,0,3,1,7,1,0,18,13,3,1,0,0,13,17,,,7,9,2,3,0,1,0,1,3,0,,,8,10,2,1,4,0,304,540,211,437,22,24,2,6,6,7,,,51,61,22,24,10,13,5,7,,
275,SC Freiburg,RB Leipzig,0,1,41,59,3,13,1,5,2,5,0,3,3,3,4,2,9,11,1,4,0,0,11,9,,,7,9,0,3,0,2,0,1,0,2,,,3,8,0,5,4,1,351,518,241,418,29,21,2,4,5,11,,,59,51,28,22,15,9,13,8,,
301,Eintracht Frankfurt,SC Freiburg,2,1,61,39,15,14,6,7,6,4,3,3,3,6,1,2,13,10,4,2,0,0,8,12,,,7,13,4,2,3,1,,,1,3,,,12,11,3,3,6,4,544,352,449,264,18,30,3,3,10,6,,,48,56,15,25,15,13,4,13,,
302,RB Leipzig,FC Schalke 04,4,2,51,49,18,15,11,4,6,5,1,6,4,5,2,0,12,11,2,2,0,0,11,10,,,13,6,6,1,3,1,1,1,2,0,,,12,13,6,2,3,7,425,387,320,283,24,36,1,11,10,7,,,51,44,16,20,14,7,8,10,,
284,VfL Wolfsburg,TSG Hoffenheim,2,1,46,54,9,10,3,2,3,6,3,2,3,7,0,7,17,12,2,2,0,0,12,17,,,5,8,2,1,0,1,0,1,0,1,,,4,6,5,4,2,1,392,457,294,355,36,36,4,2,6,4,,,58,61,25,24,15,16,11,6,,
304,VfL Bochum 1848,Bayer 04 Leverkusen,3,0,52,48,12,11,5,2,5,4,2,5,2,5,1,2,12,12,5,5,0,1,12,11,,,5,11,3,1,1,1,0,1,,,,,9,8,3,3,2,2,350,329,260,217,36,18,4,3,3,14,,,62,50,20,14,27,11,12,2,,
289,FC Schalke 04,Eintracht Frankfurt,2,2,49,51,11,6,4,2,4,2,3,2,8,3,3,0,11,16,3,4,0,0,14,11,,,5,6,1,2,0,1,,,,,,,7,4,4,2,0,2,341,371,241,278,30,23,9,4,15,8,,,70,61,21,22,20,20,11,7,,
294,1. FSV Mainz 05,VfB Stuttgart,1,4,46,54,10,7,6,6,1,1,3,0,6,3,1,0,18,11,3,1,0,0,11,18,,,3,6,1,2,,,,,0,3,,,6,5,4,2,2,6,421,486,325,403,18,23,2,2,4,5,,,47,51,12,17,21,11,4,2,,
300,Borussia M'gladbach,FC Augsburg,2,0,75,25,19,9,7,2,10,3,2,4,4,4,4,2,5,19,0,1,0,1,18,4,,,6,7,5,0,3,0,1,0,1,0,,,14,5,5,4,2,5,805,264,735,190,30,11,4,4,4,5,,,42,27,6,6,14,12,6,5,,
303,VfB Stuttgart,TSG Hoffenheim,1,1,57,43,23,8,4,2,10,5,9,1,9,2,1,2,12,10,,,0,0,10,12,,,6,11,3,2,3,1,2,0,1,1,,,16,4,7,4,1,3,547,418,473,326,43,18,8,3,10,1,,,42,43,15,16,7,14,8,7,,
283,VfL Bochum 1848,FC Augsburg,3,2,55,45,13,15,8,2,3,10,2,3,7,7,1,0,13,16,3,2,0,0,16,13,,,10,10,2,1,2,0,,,1,0,,,7,11,6,4,0,7,326,264,213,157,27,27,3,4,5,9,,,57,59,25,29,11,8,11,7,,
291,SV Werder Bremen,1. FC Köln,1,1,44,56,14,13,6,4,4,8,4,1,4,9,1,1,10,9,4,2,0,0,8,9,,,12,7,3,3,2,2,,,,,,,8,9,6,4,3,5,401,511,312,429,27,13,3,6,5,9,,,40,51,17,24,10,9,6,7,,
298,1. FC Union Berlin,SV Werder Bremen,1,0,47,53,15,7,5,3,6,2,4,2,15,1,3,1,9,10,1,3,0,0,10,9,,,6,17,,,,,,,1,0,,,9,4,6,3,3,3,359,446,264,342,32,36,13,3,13,6,,,70,51,33,21,14,16,7,3,,
292,TSG Hoffenheim,1. FC Union Berlin,4,2,43,57,10,18,5,3,3,10,2,5,1,5,2,1,15,15,4,5,0,0,14,15,,,12,4,3,3,0,3,,,3,0,,,7,12,3,6,1,1,384,487,291,395,28,42,2,10,10,6,,,49,69,11,33,14,15,2,7,,
305,VfL Wolfsburg,Hertha Berlin,1,2,64,36,20,8,8,5,7,1,5,2,7,3,2,1,9,18,1,5,0,0,18,9,,,2,13,4,2,3,1,,,,,,,15,6,5,2,3,7,559,324,473,245,30,29,5,3,10,13,,,59,52,17,19,14,11,10,9,,
188,Bayer 04 Leverkusen,1. FSV Mainz 05,2,3,67,33,21,12,7,7,5,2,9,3,4,5,2,1,14,19,5,5,1,0,18,13,,,2,5,4,4,3,2,2,0,0,1,,,15,12,6,0,4,5,558,267,462,166,25,19,8,6,21,4,,,77,58,28,27,10,14,12,13,,
194,Hoffenheim,Borussia Dortmund,0,1,44,56,13,25,4,11,3,10,6,4,12,11,2,1,11,7,3,1,0,0,7,11,,,7,5,1,4,1,4,0,1,2,0,,,8,19,5,6,10,4,366,483,275,403,23,32,6,7,10,20,,,62,62,14,18,31,13,10,11,,
204,VfB Stuttgart,FC Bayern München,1,2,40,60,10,14,4,6,3,5,3,3,3,6,3,1,6,12,,,0,0,12,6,,,4,4,1,4,1,3,,,0,1,,,7,11,3,3,4,2,426,651,347,573,31,35,5,8,13,20,,,61,61,9,6,27,29,14,13,,
