round,team_home,team_away,score_home,score_away,expected_goals_home,expected_goals_away,possesion_home,possesion_away,total_shots_home,total_shots_away,shots_on_target_home,shots_on_target_away,shots_off_target_home,shots_off_target_away,blocked_shots_home,blocked_shots_away,corners_home,corners_away,offsides_home,offsides_away,fouls_home,fouls_away,yellow_cards_home,yellow_cards_away,red_cards_home,red_cards_away,free_kicks_home,free_kicks_away,throw_ins_home,throw_ins_away,goal_kicks_home,goal_kicks_away,big_chances_home,big_chances_away,big_chances_missed_home,big_chances_missed_away,counter_attacks_home,counter_attacks_away,counter_attacks_shots_home,counter_attacks_shots_away,shots_inside_box_home,shots_inside_box_away,shots_outside_box_home,shots_outside_box_away,goalkeeper_saves_home,goalkeeper_saves_away,passes_home,passes_away,accurate_passes_home,accurate_passes_away,long_balls_home,long_balls_away,crosses_home,crosses_away,dribbles_home,dribbles_away,possesion_lost_home,possesion_lost_away,duels_won_home,duels_won_away,aerials_won_home,aerials_won_away,tackles_home,tackles_away,interceptions_home,interceptions_away,clearances_home,clearances_away
1,Unión La Calera,Palestino,2,0,,,50,50,9,20,3,2,4,9,2,9,3,4,0,2,14,11,2,1,0,0,10,13,17,27,10,8,2,2,0,2,,,,,4,12,5,8,2,1,429,437,330,359,22,36,8,2,10,11,147,152,62,60,16,24,26,14,20,17,23,16
1,Coquimbo Unido,Universidad Católica,1,2,,,58,42,18,10,6,3,7,4,5,3,7,3,5,2,15,8,2,2,1,0,6,14,40,18,7,10,4,2,4,1,,,,,13,5,5,5,1,5,413,303,317,205,51,27,7,2,12,12,173,166,53,59,16,16,19,19,14,16,12,21
1,Deportes Iquique,Curicó Unido,0,0,,,49,51,10,10,2,5,5,5,3,0,2,4,5,5,16,12,2,1,0,0,11,13,27,23,7,11,1,3,1,3,,,,,5,9,5,1,5,2,401,413,288,290,37,30,5,6,6,8,173,176,55,53,20,15,18,17,18,19,18,18
1,Universidad de Chile,Cobresal,1,1,,,51,49,11,16,3,3,4,7,4,6,4,1,2,0,21,12,5,2,0,0,12,20,22,36,10,6,0,2,0,1,0,1,,,6,7,5,9,2,2,434,403,327,304,42,23,4,6,11,14,170,173,66,76,18,20,26,22,22,18,21,16
1,Universidad de Concepción,Everton de Viña del Mar,0,0,,,62,38,12,16,2,4,6,7,4,5,3,5,3,6,12,8,1,0,0,0,8,12,19,18,11,13,0,1,0,1,,,,,4,10,8,6,4,2,513,301,419,224,44,37,3,4,6,12,153,147,56,50,22,12,20,15,4,15,20,23
1,Huachipato,O'Higgins,2,1,,,43,57,19,14,4,5,11,7,4,2,9,8,1,3,11,10,2,3,0,0,9,10,14,24,10,11,2,1,1,0,1,0,,,14,11,5,3,4,2,358,482,286,402,31,35,10,5,9,17,118,138,58,59,17,14,24,19,22,14,30,13
1,Unión Española,Colo Colo,1,3,,,43,57,11,13,2,5,5,7,4,1,4,7,3,0,8,12,2,1,0,0,11,8,17,15,8,6,2,3,1,1,0,1,,,4,8,7,5,2,1,388,527,313,453,32,24,5,2,1,10,133,128,37,43,9,11,16,15,9,15,25,18
1,Audax Italiano,Antofagasta,0,3,,,50,50,10,16,0,7,8,5,2,4,2,2,1,1,18,11,4,2,1,0,10,13,27,28,8,16,0,7,0,5,0,1,,,7,14,3,2,3,0,380,367,281,282,27,44,6,5,10,16,143,152,59,64,21,22,18,14,8,12,27,14
2,Antofagasta,Unión Española,1,2,,,58,42,16,13,5,6,7,6,4,1,7,9,2,0,7,9,1,1,0,0,8,5,26,18,10,12,1,2,1,1,,,,,11,8,5,5,4,4,466,324,365,219,36,24,7,6,10,12,175,163,58,56,23,23,19,16,14,9,20,39
2,Colo Colo,Universidad de Concepción,1,0,,,44,56,13,10,3,2,8,4,2,4,4,6,2,1,11,8,1,1,0,0,8,11,24,24,5,11,0,1,0,1,,,,,9,3,4,7,2,2,406,532,322,438,30,53,5,3,14,8,145,151,45,52,8,11,15,23,14,16,19,25
2,Everton de Viña del Mar,Unión La Calera,1,2,,,48,52,6,14,2,5,3,4,1,5,7,2,3,1,9,14,2,2,0,0,13,6,22,25,10,6,1,3,0,1,0,1,,,5,4,1,10,3,1,414,447,331,366,56,36,3,1,7,17,155,139,47,55,8,13,19,20,11,23,7,26
2,O'Higgins,Universidad de Chile,1,0,,,49,51,15,17,4,7,8,9,3,1,6,1,2,2,15,7,2,4,0,0,7,15,19,22,12,8,4,3,3,3,1,0,,,10,10,5,7,6,3,328,326,236,252,39,29,4,4,15,14,151,145,70,69,20,16,28,24,9,11,20,12
2,Curicó Unido,Coquimbo Unido,0,0,,,48,52,10,10,5,2,5,3,0,5,6,11,3,1,9,10,1,2,0,0,9,8,36,30,9,8,2,0,2,0,,,,,5,5,5,5,2,5,365,378,239,228,37,39,4,6,5,10,210,229,64,75,26,35,24,23,15,13,25,22
2,Cobresal,Audax Italiano,1,2,,,61,39,21,11,8,6,9,3,4,2,3,3,2,2,9,9,0,1,0,0,8,7,39,22,4,18,2,4,1,2,,,,,8,7,13,4,4,7,497,317,398,211,42,28,9,2,7,13,170,159,58,56,24,15,19,23,10,14,5,33
2,Palestino,Huachipato,3,1,,,49,51,12,16,5,4,7,8,0,4,6,4,3,1,8,18,2,1,0,0,14,7,17,22,17,7,4,1,3,0,,,,,9,6,3,10,3,2,353,354,259,271,35,35,4,7,12,11,141,135,54,45,15,8,14,19,9,15,14,10
2,Universidad Católica,Deportes Iquique,0,1,,,66,34,12,11,4,4,6,4,2,3,6,0,4,3,8,10,1,4,0,0,9,8,26,21,9,10,2,2,2,1,0,2,,,6,4,6,7,3,4,584,302,505,207,41,21,2,2,21,7,145,129,48,53,10,16,8,23,6,17,16,22
3,Audax Italiano,Universidad Católica,0,2,,,30,70,4,23,1,8,2,10,1,5,1,10,2,2,7,9,2,4,2,1,8,5,15,28,12,3,1,7,1,6,,,,,2,14,2,9,6,1,239,538,159,465,23,55,1,10,2,8,129,130,34,51,14,17,10,21,11,7,27,12
3,Deportes Iquique,O'Higgins,1,3,,,49,51,15,16,5,6,6,6,4,4,3,3,2,3,8,12,1,1,1,1,10,5,24,16,8,11,1,2,0,1,,,,,6,8,9,8,3,4,351,350,259,269,27,26,3,3,14,14,140,133,49,42,12,10,13,13,19,7,11,17
3,Unión Española,Palestino,1,0,,,37,63,14,7,5,2,6,3,3,2,4,1,0,2,17,14,2,2,0,0,13,17,21,17,7,10,4,0,3,0,,,,,9,2,5,5,2,4,323,574,235,472,26,24,7,1,8,3,149,148,46,54,11,13,14,22,21,16,15,25
3,Universidad de Chile,Huachipato,3,0,,,36,64,15,12,8,2,4,6,3,4,2,6,3,0,10,10,2,3,0,0,8,9,23,19,11,5,4,0,2,0,,,,,9,5,6,7,2,5,287,500,212,430,31,43,5,6,6,18,125,129,52,58,16,15,22,17,12,16,15,11
3,Coquimbo Unido,Everton de Viña del Mar,4,0,,,64,36,14,8,6,2,4,6,4,0,7,3,2,3,17,10,1,3,0,0,9,16,15,19,6,10,3,1,1,1,,,,,7,6,7,2,2,2,487,273,402,189,56,28,4,2,12,10,148,134,39,69,5,22,13,21,23,18,5,26
3,Curicó Unido,Colo Colo,3,4,,,53,47,17,15,10,9,6,3,1,3,5,3,1,1,9,5,3,2,0,0,5,9,23,18,6,8,1,3,1,0,,,,,14,7,3,8,5,7,450,420,357,324,33,26,16,1,15,13,159,150,65,71,25,21,21,29,19,15,6,32
3,Unión La Calera,Cobresal,2,1,,,57,43,9,14,4,2,4,12,1,0,2,3,0,4,6,16,1,3,1,0,16,5,20,35,15,6,3,3,1,3,,,,,6,4,3,10,1,1,511,361,429,281,49,29,5,4,20,15,149,161,86,69,26,19,27,30,21,12,31,12
3,Universidad de Concepción,Antofagasta,1,1,,,53,47,15,16,4,10,8,5,3,1,6,5,3,2,14,8,3,2,0,0,7,12,24,24,7,8,4,6,3,5,2,0,,,8,8,7,8,7,3,465,399,358,295,31,40,3,4,19,9,187,171,51,63,4,20,21,22,13,19,29,26
4,O'Higgins,Coquimbo Unido,2,0,,,41,59,9,14,2,3,5,10,2,1,5,10,0,1,5,14,2,3,0,0,12,5,31,25,17,9,1,2,0,2,,,,,5,8,4,6,3,0,305,429,207,336,36,32,4,7,10,11,161,164,56,49,16,15,19,18,7,17,22,13
4,Huachipato,Audax Italiano,2,0,,,52,48,11,10,4,4,5,3,2,3,5,4,1,8,21,14,4,1,0,0,10,18,15,36,8,6,2,0,,,,,,,8,5,3,5,4,2,370,335,263,236,36,30,4,2,12,7,164,177,63,59,24,15,18,19,14,11,19,30
4,Palestino,Universidad de Concepción,4,1,,,59,41,24,12,9,6,12,3,3,3,5,2,2,1,10,12,1,2,0,0,12,8,30,21,5,16,12,4,9,3,1,0,,,18,7,6,5,5,4,483,342,381,243,31,24,7,4,7,12,167,151,48,52,15,14,15,18,15,17,5,27
4,Universidad Católica,Unión La Calera,1,0,,,41,59,9,10,3,2,3,6,3,2,3,6,2,1,9,10,2,3,0,0,10,9,40,43,9,7,1,1,0,1,,,,,3,5,6,5,2,2,309,433,215,362,30,30,1,4,10,18,148,163,64,51,15,11,30,14,7,25,24,16
4,Everton de Viña del Mar,Deportes Iquique,2,0,,,39,61,13,9,4,1,8,5,1,3,5,1,6,1,8,12,1,1,0,0,12,7,20,32,11,11,3,0,3,0,1,0,,,5,2,8,7,1,3,335,527,236,414,33,52,6,2,8,10,159,183,60,52,19,19,21,16,12,8,24,15
4,Universidad de Chile,Unión Española,1,2,,,62,38,17,10,8,4,8,4,1,2,3,5,0,1,11,9,1,1,0,0,8,10,20,22,9,13,1,0,1,0,1,0,,,7,6,10,4,1,7,525,306,424,222,35,31,3,3,19,8,155,139,66,48,24,15,15,15,7,13,17,13
4,Cobresal,Colo Colo,0,0,,,39,61,15,16,4,5,7,5,4,6,1,8,4,2,8,8,,,0,0,8,8,23,32,7,13,1,0,1,0,,,,,5,9,10,7,5,4,346,524,249,422,29,45,2,4,9,11,145,169,59,46,13,10,29,18,19,8,34,17
4,Antofagasta,Curicó Unido,1,1,,,53,47,20,11,7,4,8,5,5,2,1,2,4,3,12,13,5,3,1,2,12,10,25,22,11,11,3,3,3,3,,,,,15,8,5,3,3,6,422,375,320,273,35,38,9,3,15,13,174,154,66,70,23,24,16,24,16,19,18,21
5,Curicó Unido,Cobresal,3,1,,,62,38,16,8,6,4,5,4,5,0,4,2,1,3,11,9,1,0,0,0,7,11,32,31,12,8,2,1,1,1,,,,,10,3,6,5,3,3,547,328,439,226,50,24,7,3,13,8,191,161,60,70,16,22,24,29,15,12,15,30
5,Unión Española,Huachipato,2,1,,,41,59,11,14,5,3,4,6,2,5,6,7,1,1,5,9,1,0,0,0,9,4,21,14,7,5,2,2,0,1,,,,,6,6,5,8,2,3,363,538,263,454,33,24,4,6,9,9,155,144,54,51,16,18,20,20,13,12,21,20
5,Universidad de Concepción,Universidad de Chile,2,1,,,52,48,16,18,3,8,11,8,2,2,2,6,1,1,10,9,3,2,0,0,8,10,32,32,9,14,1,3,1,3,2,1,,,8,10,8,8,7,1,377,345,265,240,40,37,5,8,13,19,179,174,63,75,21,28,21,19,18,25,15,23
5,Audax Italiano,O'Higgins,2,2,,,40,60,15,17,7,6,4,6,4,5,4,7,2,2,7,14,1,3,0,0,12,6,26,17,7,8,1,1,1,0,1,0,,,6,7,9,10,4,5,301,448,222,361,27,30,4,3,5,13,144,142,49,61,18,23,15,19,18,9,26,23
5,Colo Colo,Universidad Católica,2,3,,,61,39,9,15,7,5,1,8,1,2,3,5,4,1,12,7,2,4,0,0,7,12,22,17,7,4,4,2,2,0,,,,,7,10,2,5,2,5,512,324,434,243,26,21,6,1,10,12,149,133,47,59,8,10,22,27,17,8,20,31
5,Deportes Iquique,Palestino,3,3,,,50,50,20,15,10,8,4,6,6,1,1,6,2,3,11,18,2,1,0,0,17,10,16,19,7,5,4,4,1,3,,,,,8,12,12,3,5,7,436,419,331,315,31,38,4,4,10,9,148,163,54,56,11,25,16,14,13,18,6,14
5,Coquimbo Unido,Unión La Calera,1,1,,,47,53,13,14,5,6,6,4,2,4,8,5,4,2,13,11,3,1,0,0,10,12,31,27,5,10,2,3,1,2,0,1,,,8,11,5,3,5,4,324,361,226,268,40,30,3,7,16,18,175,169,69,65,16,14,27,21,14,18,20,27
5,Everton de Viña del Mar,Antofagasta,1,0,,,44,56,15,15,6,4,5,6,4,5,5,5,2,0,11,11,2,3,1,1,11,11,13,26,12,6,2,1,2,1,,,,,6,7,9,8,4,5,348,440,263,363,44,31,2,5,11,3,126,145,66,38,26,12,21,13,13,9,28,12
6,Palestino,Audax Italiano,1,2,,,64,36,26,10,8,4,13,5,5,1,8,2,1,4,11,15,2,2,0,0,13,11,32,21,5,14,3,4,2,2,,,,,14,6,12,4,2,7,495,280,395,162,45,30,13,4,14,8,171,164,69,67,25,23,17,25,6,14,16,28
6,Unión La Calera,Universidad de Concepción,3,1,,,57,43,16,16,5,5,7,7,4,4,2,4,4,1,16,11,2,0,0,0,9,14,29,24,7,10,6,2,4,1,1,0,,,12,8,4,8,4,2,490,374,408,283,43,28,7,5,16,18,154,149,69,74,15,14,29,30,11,15,10,14
6,Colo Colo,Deportes Iquique,2,0,,,56,44,14,6,7,1,7,4,0,1,3,4,2,3,10,11,2,2,0,0,9,10,17,16,6,11,5,1,3,1,2,0,,,12,5,2,1,1,5,515,396,425,306,33,34,6,6,23,11,140,132,58,49,14,12,13,17,20,24,11,26
6,O'Higgins,Unión Española,0,2,,,66,34,17,12,3,4,11,3,3,5,8,3,1,3,17,9,3,1,0,0,8,15,24,12,4,13,3,6,3,4,,,,,10,10,7,2,2,3,541,274,463,199,52,31,6,6,11,9,151,124,50,58,16,15,17,21,5,21,11,33
6,Antofagasta,Universidad de Chile,3,1,,,30,70,11,15,6,8,4,5,1,2,1,9,0,1,11,9,3,2,0,0,8,10,11,22,9,6,2,6,0,6,,,,,8,11,3,4,6,3,267,613,185,518,42,32,4,4,4,22,124,156,41,62,14,16,15,16,21,13,26,11
6,Universidad Católica,Curicó Unido,0,0,,,59,41,12,7,8,3,4,2,0,2,6,5,5,3,8,11,1,3,0,0,8,8,22,25,6,13,3,2,3,2,1,0,,,8,3,4,4,3,8,466,318,381,240,28,20,7,4,16,13,141,148,59,43,17,10,18,12,6,12,10,18
6,Huachipato,Coquimbo Unido,0,0,,,43,57,6,12,0,2,4,6,2,4,4,6,0,2,13,10,3,1,0,0,7,13,31,33,13,3,0,1,0,1,,,,,0,6,6,6,2,0,331,422,225,319,43,34,2,4,8,13,167,173,48,65,20,21,13,20,25,12,16,13
6,Everton de Viña del Mar,Cobresal,2,1,,,45,55,14,12,7,5,5,2,2,5,2,8,1,2,18,13,2,4,0,0,12,17,10,34,7,11,1,0,,,2,0,,,7,8,7,4,4,5,405,445,314,364,36,16,4,4,5,20,134,164,58,75,17,20,26,19,18,17,36,8
7,Palestino,O'Higgins,1,1,,,48,52,15,16,5,7,5,4,5,5,2,8,4,0,12,13,3,2,1,0,12,11,15,21,5,8,1,3,1,2,,,,,6,9,9,7,6,3,389,403,316,318,30,39,5,5,17,15,118,140,54,48,5,11,20,11,13,22,31,10
7,Huachipato,Cobresal,3,1,,,57,43,20,11,9,4,9,5,2,2,7,4,0,6,15,6,3,0,0,0,5,15,18,31,7,13,5,4,3,4,,,,,16,7,4,4,3,6,464,337,361,222,26,24,9,6,15,13,161,185,72,70,33,22,21,21,15,11,31,19
7,Coquimbo Unido,Colo Colo,2,0,,,49,51,23,9,5,5,14,3,4,1,6,5,1,2,18,7,5,2,0,0,6,16,16,34,5,19,6,1,5,1,,,,,15,5,8,4,5,3,378,391,271,286,46,26,12,4,9,10,167,182,63,64,18,14,30,24,19,8,17,25
7,Universidad de Concepción,Audax Italiano,1,0,,,58,42,12,10,3,0,7,6,2,4,2,4,4,1,11,12,2,1,0,1,12,10,26,20,9,12,3,1,2,1,,,,,6,4,6,6,0,2,483,342,373,242,58,33,4,5,16,12,166,152,69,46,22,10,19,14,14,22,12,19
7,Deportes Iquique,Antofagasta,2,0,,,50,50,17,8,6,3,5,5,6,0,9,3,1,5,12,7,3,1,0,0,6,11,23,36,10,10,5,1,3,1,,,,,9,6,8,2,3,3,366,357,276,259,36,49,4,5,12,5,145,158,45,58,12,28,15,15,16,5,20,22
7,Everton de Viña del Mar,Universidad Católica,1,2,,,39,61,8,9,4,4,2,5,2,0,2,5,3,2,17,14,3,0,1,0,13,14,26,23,10,6,1,4,0,2,,,,,5,8,3,1,2,3,336,520,240,424,39,36,3,4,8,10,149,160,61,64,20,27,20,13,13,9,22,22
7,Universidad de Chile,Unión La Calera,1,1,,,39,61,13,16,7,5,6,8,0,3,6,5,3,2,16,14,0,2,0,0,13,13,18,19,10,8,3,1,2,1,0,1,,,8,13,5,3,4,6,308,454,217,372,24,48,3,8,13,8,147,151,64,64,15,21,25,22,11,10,17,11
7,Unión Española,Curicó Unido,2,1,,,42,58,16,18,4,2,6,9,6,7,6,9,2,1,10,10,2,3,0,0,10,10,21,21,12,10,1,1,0,1,,,,,12,7,4,11,1,2,318,427,231,341,28,17,5,10,10,11,139,154,66,50,27,15,20,16,16,12,27,23
8,Curicó Unido,Everton de Viña del Mar,2,2,,,65,35,10,15,4,5,6,4,0,6,2,12,0,1,12,5,4,1,0,0,4,12,28,25,12,8,3,1,2,1,0,1,,,9,8,1,7,3,2,553,293,435,181,35,20,10,6,21,11,192,169,68,74,21,28,22,25,5,17,16,34
8,Deportes Iquique,Unión Española,3,2,,,61,39,25,12,6,5,9,6,10,1,5,2,1,4,9,14,2,2,0,1,11,8,28,25,4,9,3,2,2,0,,,,,12,7,13,5,3,2,477,296,373,197,36,35,5,8,12,7,159,148,48,56,14,23,12,18,8,19,9,24
8,Colo Colo,O'Higgins,3,2,,,59,41,21,7,7,2,12,2,2,3,7,1,1,0,10,15,0,1,0,0,15,9,24,17,4,13,2,0,1,0,0,2,,,11,3,10,4,0,4,505,336,425,251,19,27,5,4,15,17,135,136,60,52,8,9,22,18,16,19,10,22
8,Audax Italiano,Coquimbo Unido,2,0,,,33,67,8,12,5,5,3,5,0,2,2,6,1,6,13,15,4,1,0,0,12,13,20,46,13,5,1,2,0,2,1,0,,,6,7,2,5,4,3,227,429,113,322,36,38,2,5,8,8,165,187,62,52,24,21,18,11,14,9,22,6
8,Unión La Calera,Huachipato,2,1,,,50,50,11,14,4,4,5,4,2,6,6,2,4,0,9,14,1,2,0,0,14,8,21,25,7,9,5,5,3,4,,,,,7,8,4,6,3,2,445,428,352,328,48,29,5,4,12,6,153,155,62,52,14,16,22,22,20,14,22,15
8,Universidad Católica,Universidad de Chile,4,0,,,63,37,20,6,10,2,3,3,7,1,15,2,3,1,13,12,1,3,0,1,11,13,20,17,6,5,4,1,2,1,2,0,,,15,3,5,3,2,7,480,284,391,201,41,18,3,2,10,6,150,131,51,44,17,13,14,14,6,12,11,31
8,Antofagasta,Palestino,0,1,,,55,45,11,15,3,5,5,7,3,3,3,5,3,2,14,11,5,2,0,0,11,13,24,11,9,5,1,2,1,2,,,,,9,9,2,6,3,2,452,378,349,276,52,27,8,2,8,8,158,155,60,59,25,17,17,21,18,9,18,21
8,Cobresal,Universidad de Concepción,1,0,,,47,53,16,18,4,4,7,11,5,3,1,8,4,1,10,8,0,1,0,0,7,7,31,23,12,11,1,0,1,0,,,,,7,5,9,13,4,3,458,521,351,429,33,47,5,9,11,6,161,154,50,37,10,15,23,10,8,18,13,17
9,Universidad de Concepción,Deportes Iquique,1,0,,,41,59,17,12,7,2,3,6,7,4,3,8,4,2,14,18,2,2,0,0,13,12,21,27,8,4,2,0,2,0,,,,,12,6,5,6,2,6,344,485,240,383,45,43,5,6,4,16,154,164,58,53,27,14,15,11,8,5,19,7
9,O'Higgins,Cobresal,2,0,,,64,36,18,12,6,2,10,8,2,2,3,1,0,5,19,12,4,1,0,0,12,19,23,19,15,10,2,0,1,0,,,,,13,3,5,9,2,4,617,341,551,263,38,12,9,4,17,13,131,136,66,60,13,8,24,20,14,8,18,19
9,Palestino,Universidad Católica,1,2,,,58,42,9,13,4,8,1,4,4,1,5,0,3,2,10,9,1,2,0,0,9,9,28,20,7,8,1,3,0,1,,,,,5,9,4,4,6,3,563,415,468,316,46,34,5,0,6,9,176,152,51,47,14,5,23,24,5,11,8,24
9,Huachipato,Colo Colo,1,1,,,42,58,11,17,2,6,7,9,2,2,6,7,2,6,16,17,1,2,0,0,15,14,17,18,9,9,2,2,1,1,,,,,7,12,4,5,5,1,330,445,232,357,26,29,4,3,11,19,150,150,61,71,18,24,18,15,20,18,25,17
9,Audax Italiano,Unión La Calera,1,1,,,34,66,11,13,3,4,7,6,1,3,2,5,4,1,10,9,0,1,0,0,8,8,37,32,12,12,1,0,1,0,,,,,4,4,7,9,3,2,246,506,141,401,21,44,7,3,4,19,174,164,44,67,21,24,11,16,9,26,18,18
9,Universidad de Chile,Curicó Unido,3,3,,,59,41,23,16,8,6,4,8,11,2,11,1,3,0,14,11,4,2,0,0,11,13,18,19,13,6,3,2,1,1,,,,,15,10,8,6,3,5,464,329,356,226,34,31,11,4,16,11,179,148,72,70,25,25,20,21,9,14,9,27
9,Antofagasta,Coquimbo Unido,0,1,,,42,58,14,18,2,9,9,7,3,2,3,6,5,2,8,14,1,3,0,0,12,6,29,22,9,11,5,3,5,2,1,0,,,7,15,7,3,8,2,361,475,268,376,41,54,2,10,6,13,153,156,46,62,11,23,17,20,9,9,11,12
9,Unión Española,Everton de Viña del Mar,0,4,,,52,48,9,11,3,5,4,4,2,2,6,3,4,2,14,16,4,2,0,0,14,14,22,17,6,13,0,2,,,1,4,,,3,6,6,5,1,3,419,380,318,293,28,37,3,2,12,12,141,130,48,49,13,12,11,13,13,20,18,15
10,Colo Colo,Antofagasta,1,0,,,68,32,18,8,7,0,9,7,2,1,11,4,2,0,11,13,5,2,0,0,10,11,19,13,8,12,2,0,1,0,,,,,10,3,8,5,0,6,554,254,462,155,28,28,6,3,14,2,150,137,53,52,20,20,10,19,13,16,16,25
10,Deportes Iquique,Cobresal,0,1,,,62,38,20,9,5,2,11,6,4,1,7,2,1,5,16,13,3,1,0,0,12,14,26,14,6,14,1,3,1,2,,,,,9,5,11,4,1,5,549,342,457,230,56,26,5,3,7,4,161,155,47,51,16,12,13,22,7,8,5,31
10,Everton de Viña del Mar,Universidad de Chile,1,1,,,47,53,11,15,5,5,4,4,2,6,10,4,1,1,12,18,2,4,0,0,16,11,26,15,3,8,0,2,0,1,0,1,,,6,7,5,8,4,4,310,363,208,277,27,28,6,2,10,20,167,148,58,67,14,21,20,15,16,14,20,36
10,Curicó Unido,Huachipato,4,2,,,42,58,9,12,5,4,2,5,2,3,6,3,4,2,7,4,0,1,0,0,4,7,26,28,8,9,3,2,0,1,,,,,6,8,3,4,2,1,332,456,234,362,32,43,5,4,11,12,169,173,52,59,11,17,26,23,17,24,20,22
10,Unión La Calera,O'Higgins,2,0,,,55,45,26,16,5,5,15,6,6,5,4,3,0,1,15,9,1,0,0,0,7,14,14,20,9,22,3,0,3,0,,,,,11,6,15,10,4,3,470,372,411,305,32,37,6,2,10,18,108,140,62,56,17,10,29,15,10,5,18,25
10,Universidad Católica,Universidad de Concepción,3,1,,,52,48,16,5,9,4,7,1,0,0,5,5,1,4,12,10,0,2,0,0,10,11,16,22,9,12,4,2,3,1,2,0,,,12,3,4,2,2,5,472,440,401,362,36,39,5,3,9,11,120,125,47,48,17,13,11,13,10,6,15,21
10,Unión Española,Audax Italiano,0,2,,,63,37,22,7,8,2,12,4,2,1,8,1,3,2,14,16,2,4,0,1,11,13,31,18,4,12,2,2,2,0,,,,,13,2,9,5,0,8,537,311,436,224,33,43,12,3,5,8,160,131,50,48,26,14,9,13,3,9,13,35
10,Coquimbo Unido,Palestino,2,2,,,52,48,16,7,3,2,10,4,3,1,8,2,5,0,16,10,1,1,0,0,10,16,26,27,7,10,8,1,6,0,,,,,12,4,4,3,0,1,453,424,342,287,34,23,6,5,6,9,197,189,49,77,18,19,16,34,23,11,10,28
11,Palestino,Everton de Viña del Mar,1,0,,,60,40,14,8,6,3,4,4,4,1,5,2,1,2,15,16,2,2,0,0,14,14,19,27,6,8,2,0,1,0,2,0,,,8,4,6,4,3,4,532,345,429,260,26,49,2,4,12,10,148,135,54,55,12,20,16,11,12,11,14,40
11,Universidad de Concepción,Curicó Unido,1,2,,,60,40,16,7,6,5,6,1,4,1,8,3,,,10,16,1,5,0,0,14,9,23,24,7,8,2,3,1,2,,,,,5,5,11,2,3,5,583,375,492,288,33,22,10,3,20,14,145,142,62,57,11,15,17,20,9,9,16,16
11,O'Higgins,Universidad Católica,1,0,,,55,45,8,10,3,2,3,7,2,1,2,6,0,1,14,10,2,4,0,0,7,13,30,23,11,6,1,0,,,,,,,3,9,5,1,2,2,485,370,365,296,34,28,2,5,15,11,164,144,59,56,12,19,25,13,13,16,17,18
11,Huachipato,Deportes Iquique,1,1,,,54,46,10,19,3,5,4,9,3,5,8,5,3,3,19,14,6,3,1,0,14,18,17,14,14,8,0,2,0,1,,,,,8,11,2,8,4,2,372,323,278,223,33,31,5,6,11,5,151,133,54,52,20,23,10,8,14,12,12,23
11,Coquimbo Unido,Unión Española,2,0,,,64,36,18,5,2,0,11,4,5,1,8,3,1,3,13,9,2,2,0,0,8,11,31,29,4,8,1,0,,,,,,,10,2,8,3,,,597,329,473,234,53,22,10,2,12,4,177,161,47,41,8,14,20,12,10,10,9,30
11,Cobresal,Antofagasta,2,2,,,51,49,16,19,4,7,9,4,3,8,4,12,5,0,9,8,1,1,0,0,8,9,26,22,7,13,3,0,1,0,,,,,8,7,8,12,5,1,429,387,337,314,27,45,6,6,11,11,140,137,41,44,9,12,13,12,3,10,30,18
11,Unión La Calera,Colo Colo,1,1,,,60,40,16,11,9,3,5,4,2,4,2,3,1,2,15,10,3,2,0,0,9,13,19,22,5,6,6,2,5,1,,,,,10,8,6,3,2,8,509,329,438,247,32,21,10,3,15,18,118,138,63,70,16,15,24,24,13,11,16,14
11,Audax Italiano,Universidad de Chile,3,1,,,36,64,7,18,4,5,2,9,1,4,2,4,0,5,19,7,4,1,0,0,7,17,20,31,13,5,3,3,1,2,,,,,6,11,1,7,4,1,287,513,169,406,38,30,3,8,10,15,164,172,58,74,22,28,18,16,15,8,15,10
12,Antofagasta,Huachipato,0,1,,,56,44,14,13,1,6,10,4,3,3,6,10,4,2,9,14,2,4,0,0,11,8,37,23,8,15,0,3,0,2,0,1,,,8,9,6,4,5,1,404,326,298,225,38,31,5,2,9,12,184,164,56,63,21,25,15,18,14,22,12,43
12,Deportes Iquique,Unión La Calera,1,0,,,35,65,8,11,3,2,5,6,0,3,3,3,2,2,13,11,4,3,0,0,10,12,24,37,13,8,3,3,2,3,,,,,4,6,4,5,2,1,253,472,159,367,27,31,2,2,6,8,156,185,61,48,17,14,29,15,17,8,22,12
12,Curicó Unido,O'Higgins,2,1,,,52,48,14,9,3,5,11,4,0,0,5,3,1,0,17,14,4,1,1,0,14,17,39,30,10,12,1,0,1,0,,,,,11,7,3,2,4,2,353,334,256,217,31,30,8,1,5,3,158,161,55,55,24,23,12,16,17,13,18,19
12,Colo Colo,Palestino,2,1,,,55,45,17,11,5,5,9,5,3,1,7,2,3,1,12,10,1,1,0,0,10,11,26,18,5,14,3,0,2,0,,,,,13,3,4,8,4,3,463,390,366,295,33,24,10,4,15,12,173,146,56,68,19,19,12,26,16,25,16,31
12,Everton de Viña del Mar,Audax Italiano,0,2,,,59,41,20,7,6,4,12,2,2,1,7,3,4,0,12,11,2,0,0,0,10,12,35,12,7,15,3,2,3,1,,,,,14,6,6,1,2,6,470,331,355,208,49,30,5,2,12,6,169,161,51,54,20,28,9,8,17,10,6,35
12,Cobresal,Universidad Católica,0,2,,,46,54,10,18,3,4,5,10,2,4,4,5,7,2,12,9,5,2,0,0,7,11,25,17,13,8,0,5,0,4,0,1,,,5,10,5,8,1,3,466,550,383,471,36,56,0,5,9,10,144,127,34,37,6,6,12,10,19,16,12,16
12,Unión Española,Universidad de Concepción,1,0,,,29,71,8,18,4,3,2,8,2,7,2,5,4,0,12,15,3,4,0,0,12,9,19,27,11,6,3,0,2,0,,,,,5,8,3,10,3,3,265,636,182,561,37,45,4,6,2,6,127,137,39,39,10,17,16,7,15,11,19,15
12,Universidad de Chile,Coquimbo Unido,1,1,,,52,48,11,7,3,2,5,4,3,1,3,6,1,1,11,9,2,1,0,0,9,11,26,33,12,7,3,1,2,1,,,,,8,5,3,2,0,2,444,399,349,285,33,43,6,5,11,10,158,169,50,50,16,10,14,20,10,16,13,17
13,Palestino,Cobresal,3,0,,,53,47,14,6,7,3,6,3,1,0,1,0,1,1,13,11,2,3,0,0,10,10,23,34,6,13,3,2,1,2,,,,,9,3,5,3,3,3,513,442,421,340,25,32,6,1,6,15,150,176,67,63,14,16,37,22,21,21,11,11
13,Unión La Calera,Unión Española,1,2,,,69,31,11,13,4,2,7,7,0,4,4,4,3,1,9,19,3,3,0,0,17,9,22,25,7,12,3,5,2,3,,,,,5,10,6,3,0,3,558,242,461,154,50,33,6,4,11,3,148,137,59,47,21,25,12,13,18,12,10,21
13,Universidad Católica,Antofagasta,5,1,,,52,48,20,5,10,1,7,3,3,1,9,4,5,6,4,4,0,3,0,1,4,3,16,24,4,7,4,1,,,,,,,15,3,5,2,0,5,492,436,425,359,32,38,5,3,7,6,119,131,36,30,12,7,13,14,10,14,11,13
13,Universidad de Chile,Colo Colo,1,1,,,43,57,13,11,5,3,5,5,3,3,5,6,1,1,16,15,2,5,1,0,14,16,17,20,6,8,3,0,2,0,,,,,9,6,4,5,2,2,310,409,227,335,22,31,6,5,15,9,138,120,59,58,14,8,16,25,9,18,12,12
13,O'Higgins,Everton de Viña del Mar,2,1,,,64,36,15,9,2,3,10,6,3,0,2,1,2,1,15,10,2,1,0,1,10,14,21,16,12,14,2,2,0,1,1,0,,,9,3,6,6,2,0,478,264,398,180,28,31,4,1,13,12,142,136,47,63,8,10,16,27,6,11,14,11
13,Huachipato,Universidad de Concepción,1,0,,,47,53,17,13,4,5,6,6,7,2,7,3,3,4,18,13,6,4,0,0,11,18,18,31,7,12,3,1,2,1,,,,,14,6,3,7,5,3,335,374,253,273,23,39,5,5,14,6,147,154,48,63,9,16,15,24,17,7,18,25
13,Coquimbo Unido,Deportes Iquique,1,1,,,57,43,12,7,3,2,3,2,6,3,7,7,2,4,20,15,4,2,0,0,12,17,29,21,5,4,2,1,1,0,,,,,10,3,2,4,1,2,370,276,269,190,34,34,8,3,11,6,157,145,47,56,8,16,16,18,13,15,9,21
13,Audax Italiano,Curicó Unido,3,1,,,46,54,13,11,5,4,8,6,0,1,5,3,1,5,5,13,,,0,0,12,3,20,34,11,12,0,2,0,1,,,,,9,8,4,3,3,2,372,427,264,338,50,33,8,3,15,7,155,153,63,44,23,23,13,12,7,12,13,20
14,Cobresal,Coquimbo Unido,4,1,,,43,57,13,12,7,4,6,7,0,1,3,0,2,1,12,14,1,4,0,0,14,10,26,23,8,5,3,3,1,2,,,,,9,7,4,5,3,3,358,464,267,382,26,40,6,7,9,9,139,146,55,45,17,12,15,15,5,17,25,18
14,Everton de Viña del Mar,Huachipato,0,0,,,39,61,10,17,3,4,4,9,3,4,3,6,1,4,11,15,1,2,0,0,13,11,23,26,17,8,0,3,0,3,0,1,,,5,9,5,8,4,3,296,449,184,345,19,24,5,3,5,11,157,176,60,62,20,31,22,10,14,8,26,20
14,Antofagasta,Unión La Calera,1,1,,,47,53,13,17,2,7,8,9,3,1,5,3,5,1,12,22,4,3,1,0,18,12,25,20,8,13,1,5,1,5,,,,,7,11,6,6,6,1,325,381,254,304,36,36,7,7,3,7,134,116,46,49,23,15,3,15,6,6,12,27
14,Colo Colo,Audax Italiano,3,0,,,61,39,14,5,7,1,5,1,2,3,10,3,4,2,12,7,3,3,0,1,7,12,33,15,3,11,5,0,3,0,,,,,9,3,5,2,1,6,483,309,419,229,33,30,4,3,16,9,143,134,51,46,5,5,23,20,13,3,11,22
14,Deportes Iquique,Universidad de Chile,2,4,,,34,66,15,19,5,8,5,8,5,3,5,7,2,4,17,11,4,2,0,0,10,16,20,17,7,7,2,7,1,4,,,,,6,9,9,10,4,3,222,440,146,367,28,27,5,5,10,9,121,137,60,48,13,9,28,14,12,3,11,16
14,Curicó Unido,Palestino,1,1,,,48,52,10,14,3,5,5,8,2,1,6,7,0,1,13,10,4,2,0,0,10,11,27,20,12,5,3,3,3,2,0,1,,,8,9,2,5,4,2,346,369,233,252,39,39,4,5,14,7,171,169,67,57,32,19,12,20,15,14,33,25
14,Universidad de Concepción,O'Higgins,1,1,,,63,37,9,14,5,5,4,7,0,2,4,3,4,0,12,15,2,3,1,1,14,11,19,11,6,10,1,2,0,1,0,5,,,5,6,4,8,4,4,598,344,518,266,39,26,3,4,14,11,140,131,52,48,9,8,15,18,9,10,14,25
14,Universidad Católica,Unión Española,0,0,,,68,32,19,5,3,1,7,3,9,1,7,3,2,2,15,13,2,7,0,0,10,15,24,28,3,9,3,2,3,2,,,,,11,4,8,1,1,3,562,259,477,171,41,19,6,4,9,6,147,151,59,54,19,16,21,18,11,10,11,39
15,Coquimbo Unido,Universidad de Concepción,2,2,,,57,43,15,7,5,3,8,4,2,0,14,6,3,3,18,12,2,4,0,0,11,17,32,19,4,8,2,3,1,2,0,1,,,10,5,5,2,1,3,370,296,266,182,55,40,11,4,6,6,186,172,48,57,13,23,19,12,7,17,7,32
15,Unión Española,Cobresal,1,3,,,55,45,16,14,5,5,6,6,5,3,9,4,2,3,16,10,3,2,1,0,10,15,18,19,8,7,0,2,0,1,0,3,,,11,6,5,8,2,4,500,409,422,328,35,36,7,2,6,9,149,134,51,55,13,9,22,22,6,8,13,24
15,Palestino,Universidad de Chile,1,1,,,36,64,10,15,3,5,2,6,5,4,6,7,2,2,7,17,5,3,1,0,16,7,14,25,7,8,1,1,0,1,0,1,,,4,9,6,6,4,2,270,458,198,381,28,29,2,9,11,9,125,150,70,38,12,12,32,10,13,8,31,14
15,Audax Italiano,Deportes Iquique,3,1,,,49,51,14,6,5,2,8,3,1,1,6,1,2,4,13,13,4,3,0,0,11,10,29,30,6,9,3,0,1,0,,,,,9,3,5,3,1,2,365,382,254,283,41,43,5,4,5,1,169,151,37,43,12,22,9,11,6,12,13,29
15,O'Higgins,Antofagasta,3,6,,,43,57,11,25,4,11,3,11,4,3,8,11,1,0,17,11,6,1,1,0,10,16,17,17,11,7,1,5,0,3,,,,,6,18,5,7,3,1,351,454,283,387,28,45,4,10,14,16,129,129,55,79,12,21,19,27,8,10,28,14
15,Huachipato,Universidad Católica,0,1,,,47,53,12,11,3,4,4,3,5,4,7,9,3,4,15,11,3,1,0,0,8,11,21,21,6,11,1,1,1,1,,,,,5,6,7,5,3,3,312,335,182,203,31,21,0,2,4,13,197,208,45,41,14,8,20,9,9,7,30,21
15,Colo Colo,Everton de Viña del Mar,0,0,,,65,35,16,8,0,3,14,5,2,0,4,3,,,19,16,3,2,0,0,14,18,25,17,6,20,1,1,1,1,,,,,8,5,8,3,3,0,587,295,499,221,43,35,5,4,17,14,135,124,60,60,15,14,14,14,7,16,16,22
15,Unión La Calera,Curicó Unido,2,0,,,50,50,8,11,3,3,5,5,0,3,2,6,0,5,16,7,1,2,0,0,7,15,29,34,8,6,2,0,2,0,,,,,6,4,2,7,3,1,457,429,344,327,44,31,6,6,9,24,163,182,60,68,20,15,25,14,20,13,25,7
16,Unión Española,Unión La Calera,1,1,,,38,62,12,12,3,4,7,6,2,2,5,4,7,2,14,20,5,6,1,0,17,13,20,11,9,5,2,3,2,2,,,,,9,8,3,4,3,2,305,505,220,417,38,37,3,6,5,11,133,132,50,58,18,23,12,12,13,13,25,14
16,Deportes Iquique,Coquimbo Unido,0,1,,,57,43,8,7,2,3,2,2,4,2,3,5,4,0,17,16,3,2,0,0,16,17,36,32,9,5,1,2,1,1,,,,,6,6,2,1,2,2,414,305,296,196,48,34,7,2,14,11,181,169,67,70,24,25,13,19,7,12,12,25
16,Cobresal,O'Higgins,2,1,,,45,55,17,8,6,2,6,4,5,2,6,2,4,1,9,17,1,1,0,1,15,9,24,20,10,8,2,3,2,2,0,1,,,9,7,8,1,1,4,379,466,313,405,33,22,7,5,9,12,118,111,48,43,10,10,14,12,6,9,5,15
16,Huachipato,Palestino,0,2,,,47,53,15,16,3,6,6,6,6,4,5,4,0,1,15,9,2,0,0,0,7,13,33,19,7,12,2,2,2,1,,,,,5,6,10,10,4,3,386,437,289,331,35,28,3,1,10,17,165,149,40,70,13,17,10,25,10,10,19,24
16,Universidad de Chile,Audax Italiano,1,1,,,57,43,11,11,4,2,5,7,2,2,4,3,0,6,20,16,3,2,0,0,14,17,19,25,9,9,0,2,0,1,1,0,,,5,9,6,2,1,3,407,290,296,189,34,26,4,7,13,7,155,161,61,56,26,22,8,11,6,9,10,18
16,Universidad de Concepción,Universidad Católica,0,3,,,44,56,10,16,6,9,1,6,3,1,7,5,2,2,15,13,2,2,0,0,12,15,15,14,7,3,0,5,0,2,0,1,,,4,13,6,3,6,6,380,474,306,392,31,32,7,6,19,24,135,140,67,67,14,14,22,17,12,10,19,14
16,Antofagasta,Everton de Viña del Mar,1,1,,,58,42,21,13,5,4,11,5,5,4,7,5,3,3,12,18,1,4,0,0,16,11,25,24,7,16,4,1,3,1,0,2,,,11,6,10,7,3,4,424,303,314,187,41,22,9,3,19,10,177,169,78,55,32,13,11,21,15,13,21,17
16,Colo Colo,Curicó Unido,0,1,,,67,33,14,11,4,4,7,7,3,0,8,3,1,0,14,22,4,4,0,1,22,11,27,14,5,13,1,2,1,1,0,3,,,10,7,4,4,3,4,537,263,435,186,30,25,6,3,10,9,161,129,75,48,30,17,14,14,5,18,14,31
17,Curicó Unido,Universidad de Concepción,4,2,,,43,57,9,14,6,5,1,5,2,4,0,5,1,0,13,13,1,5,0,0,10,12,30,36,10,5,6,2,3,1,,,,,7,10,2,4,3,2,344,444,243,320,21,42,3,2,11,12,162,182,49,58,8,10,20,25,9,13,27,16
17,Cobresal,Deportes Iquique,0,1,,,46,54,19,10,4,3,10,6,5,1,6,3,4,0,12,19,4,3,0,0,15,12,26,23,9,12,1,1,1,0,,,,,8,4,11,6,2,4,352,427,261,343,36,37,6,0,19,11,128,124,55,41,10,11,12,8,9,9,5,20
17,Universidad de Chile,Antofagasta,1,0,,,52,48,23,12,4,5,13,6,6,1,10,5,3,3,13,14,3,2,0,0,13,13,26,19,9,16,4,1,3,1,,,,,16,5,7,7,4,3,353,320,257,222,30,33,10,6,13,10,164,162,63,69,26,27,13,20,12,4,27,34
17,Everton de Viña del Mar,Unión Española,1,0,,,49,51,8,13,2,4,4,3,2,6,4,8,1,1,14,14,1,1,0,0,12,12,16,24,5,10,1,1,0,1,2,0,,,4,7,4,6,4,1,451,450,351,355,36,36,4,3,15,4,159,162,68,61,18,20,24,26,11,17,27,8
17,Audax Italiano,Huachipato,0,1,,,59,41,21,3,6,2,10,0,5,1,8,1,4,2,11,15,1,5,0,1,13,8,26,14,5,12,2,0,2,0,,,,,11,1,10,2,1,6,420,305,337,199,31,22,7,2,5,13,160,147,58,66,27,25,15,20,10,8,6,31
17,Palestino,Unión La Calera,1,1,,,50,50,13,9,3,3,6,4,4,2,7,9,3,0,13,11,2,0,0,0,10,11,27,35,10,10,0,3,0,2,,,,,9,5,4,4,2,2,362,357,254,236,32,26,5,5,11,17,162,176,55,75,18,32,16,18,12,18,30,17
17,O'Higgins,Colo Colo,1,0,,,45,55,12,6,3,2,3,1,6,3,7,3,3,2,26,24,3,4,0,1,20,24,16,22,5,5,,,,,,,,,6,2,6,4,2,2,324,394,255,327,30,22,5,2,15,12,127,134,83,65,22,11,28,18,15,8,29,20
17,Universidad Católica,Coquimbo Unido,1,1,,,53,47,9,7,4,2,4,4,1,1,2,5,4,4,10,19,1,3,0,0,18,9,27,21,8,11,1,1,0,1,,,,,6,4,3,3,1,3,416,358,330,269,30,30,2,4,11,13,144,144,60,58,13,13,19,24,7,11,11,14
18,Colo Colo,Unión Española,1,0,,,54,46,17,9,8,1,7,6,2,2,5,1,2,0,20,16,2,1,0,1,15,19,22,12,7,10,6,1,5,1,,,,,12,3,5,6,1,7,496,420,411,339,20,31,7,1,24,11,135,129,69,58,16,13,15,17,19,9,18,21
18,O'Higgins,Deportes Iquique,4,1,,,47,53,15,18,8,2,5,9,2,7,3,5,2,5,20,19,4,4,1,0,18,19,14,15,13,4,4,2,1,1,,,,,9,10,6,8,1,4,394,421,318,348,44,27,0,6,11,7,122,120,47,49,7,6,11,17,10,11,11,7
18,Coquimbo Unido,Curicó Unido,2,1,,,48,52,11,7,3,2,6,4,2,1,2,2,1,4,15,12,1,4,0,1,10,15,27,39,4,11,3,2,1,1,,,,,6,5,5,2,0,1,361,393,260,272,31,28,6,1,21,12,169,180,70,60,17,17,23,17,11,8,15,18
18,Universidad Católica,Everton de Viña del Mar,1,0,,,58,42,13,8,5,3,8,5,0,0,5,4,4,0,14,15,2,3,0,0,14,12,19,22,9,14,1,1,1,1,1,0,,,6,4,7,4,3,4,494,358,407,262,35,26,3,4,11,12,146,148,59,59,17,16,18,19,8,12,11,15
18,Universidad de Concepción,Huachipato,1,1,,,61,39,23,7,6,2,12,4,5,1,7,4,6,0,9,15,2,2,0,0,14,8,35,32,7,12,1,2,1,1,,,,,17,5,6,2,1,5,444,273,338,151,47,27,9,7,8,13,168,182,64,57,25,20,19,18,11,7,13,23
18,Unión La Calera,Universidad de Chile,0,0,,,57,43,11,11,3,1,7,8,1,2,2,2,0,1,14,17,2,3,0,0,17,12,25,21,8,10,4,4,4,4,0,2,,,9,7,2,4,1,3,413,319,342,216,31,29,10,1,8,7,139,154,65,49,25,15,19,15,12,15,17,12
18,Antofagasta,Cobresal,2,0,,,51,49,21,13,7,4,9,5,5,4,5,3,2,3,15,15,1,3,0,1,14,13,22,26,6,13,4,0,2,0,2,0,,,13,6,8,7,4,5,427,425,329,316,50,32,6,3,14,12,169,167,67,54,22,9,18,20,13,21,16,24
18,Audax Italiano,Palestino,2,3,,,45,55,15,21,7,4,4,9,4,8,1,6,,,12,12,2,2,0,0,12,12,19,24,11,10,3,2,1,1,,,,,6,9,9,12,1,5,362,438,265,346,47,43,3,3,12,8,154,151,55,61,18,22,14,20,13,10,19,19
19,Unión Española,O'Higgins,0,1,,,33,67,12,8,4,3,6,5,2,0,8,2,3,4,11,16,3,3,0,0,16,10,28,8,6,9,0,1,,,,,,,7,5,5,3,2,4,283,584,205,515,25,28,7,6,14,19,125,114,60,50,13,16,17,6,6,16,5,21
19,Cobresal,Unión La Calera,1,0,,,46,54,22,6,8,1,10,4,4,1,9,2,4,0,10,20,1,3,0,0,20,10,30,26,7,14,5,0,4,0,1,0,,,14,2,8,4,1,7,363,431,259,335,41,41,8,4,8,6,159,145,66,45,28,18,12,11,8,10,11,31
19,Palestino,Colo Colo,2,2,,,55,45,20,7,8,3,8,2,4,2,3,7,1,1,12,17,1,2,0,1,16,12,21,22,3,11,3,2,1,1,,,,,8,6,12,1,1,6,461,364,357,254,28,39,7,1,6,20,152,161,53,56,13,9,18,16,13,10,8,30
19,Everton de Viña del Mar,Coquimbo Unido,0,2,,,51,49,11,16,4,6,5,8,2,2,4,4,3,0,12,22,1,1,0,0,20,12,25,34,9,7,1,3,1,1,1,0,,,7,8,4,8,4,4,347,323,249,218,32,39,4,2,5,6,155,172,65,56,24,20,18,18,10,11,22,11
19,Curicó Unido,Audax Italiano,2,2,,,55,45,16,8,7,3,8,3,1,2,9,5,6,2,12,11,1,1,0,0,9,11,24,27,12,10,4,1,2,0,,,,,11,4,5,4,1,5,466,390,359,284,44,45,11,2,15,10,163,158,56,50,18,21,15,8,7,6,14,26
19,Deportes Iquique,Universidad de Concepción,2,2,,,61,39,16,12,3,6,8,6,5,0,9,4,6,3,11,14,3,2,0,0,13,10,34,31,5,15,3,3,1,2,,,,,7,7,9,5,4,1,456,293,350,176,39,29,2,3,19,4,192,177,77,63,22,27,24,23,21,5,10,31
19,Universidad de Chile,Universidad Católica,1,1,,,47,53,25,10,9,5,12,1,4,4,11,3,4,2,11,17,3,1,0,0,16,9,23,15,2,9,5,4,4,3,1,2,,,18,7,7,3,3,8,322,382,253,314,32,35,8,3,7,9,122,107,52,48,16,14,14,17,13,6,13,27
19,Huachipato,Antofagasta,4,3,,,43,57,9,18,6,8,1,9,2,1,0,7,4,4,21,8,4,3,0,0,7,18,18,29,12,5,3,2,1,2,,,,,4,12,5,6,5,2,323,391,220,285,31,44,2,6,9,10,146,175,52,52,24,16,12,8,15,7,51,11
20,Unión La Calera,Everton de Viña del Mar,0,0,,,63,37,11,11,4,2,4,6,3,3,4,7,0,2,14,14,,,0,0,13,14,23,22,8,5,1,1,1,1,,,,,5,7,6,4,2,4,562,315,456,220,38,30,3,6,9,9,154,155,68,53,19,17,27,13,13,14,20,16
20,Curicó Unido,Deportes Iquique,1,2,,,63,37,14,7,5,3,5,2,4,2,10,6,0,5,15,23,2,4,0,0,21,14,32,23,6,12,2,1,1,0,,,,,13,4,1,3,1,4,529,294,412,197,24,32,8,2,19,5,180,160,66,57,13,16,13,22,8,17,13,22
20,Coquimbo Unido,Universidad de Chile,2,2,,,52,48,10,13,3,5,6,5,1,3,4,3,0,3,16,12,6,3,1,0,10,16,29,30,9,8,2,0,,,,,,,5,6,5,7,3,1,362,331,256,240,36,27,3,6,9,16,169,149,53,67,17,24,18,13,6,18,9,28
20,Audax Italiano,Unión Española,3,2,,,49,51,18,13,6,6,7,4,5,3,8,7,2,5,6,10,0,1,0,0,10,5,23,26,10,9,3,4,3,2,,,,,12,10,6,3,4,3,367,377,287,291,48,31,13,9,10,6,137,130,46,39,18,18,8,10,13,10,18,24
20,Universidad de Concepción,Palestino,0,0,,,41,59,9,12,1,3,5,6,3,3,6,11,0,1,12,10,3,1,0,0,10,10,30,26,13,7,0,5,0,5,,,,,6,7,3,5,3,1,306,442,190,337,37,41,7,3,11,16,174,174,55,58,13,18,22,14,27,11,21,13
20,Antofagasta,Universidad Católica,1,2,,,39,61,6,14,3,4,3,8,0,2,0,3,0,2,9,20,4,1,1,0,17,8,21,24,12,6,3,0,2,0,,,,,3,9,3,5,2,2,323,507,235,413,42,39,4,5,7,11,142,143,58,54,20,17,16,18,15,7,21,8
20,O'Higgins,Huachipato,0,3,,,57,43,12,12,5,4,4,4,3,4,6,5,6,3,16,19,4,3,0,0,18,14,24,19,6,10,2,1,2,1,0,1,,,7,6,5,6,1,5,429,331,350,245,64,33,8,2,18,11,157,138,71,65,21,17,15,25,13,12,7,21
20,Colo Colo,Cobresal,0,2,,,62,38,12,9,6,6,5,1,1,2,8,3,0,2,15,14,2,3,0,0,12,15,29,15,5,7,0,4,0,2,0,1,,,3,4,9,5,4,6,499,315,412,220,40,23,4,2,17,12,158,144,65,61,14,13,22,22,7,15,19,29
21,Huachipato,Curicó Unido,2,0,,,59,41,14,9,6,4,1,4,7,1,8,4,3,4,12,13,1,4,0,1,13,9,19,29,5,3,4,2,3,2,2,0,,,9,4,5,5,4,4,528,347,424,256,39,25,8,3,10,8,159,156,56,53,17,19,17,17,13,6,20,17
21,Palestino,Coquimbo Unido,2,0,,,54,46,16,11,5,2,10,6,1,3,3,5,3,1,16,15,5,2,0,1,14,15,16,20,13,8,1,4,0,4,2,0,,,7,8,9,3,2,3,437,350,342,254,31,33,3,3,9,13,144,154,69,56,23,12,23,18,11,16,17,8
21,Deportes Iquique,Audax Italiano,1,3,,,57,43,14,14,6,9,6,5,2,0,5,2,3,3,16,12,3,2,0,0,11,15,27,30,5,11,3,6,2,3,,,,,8,9,6,5,5,5,356,276,263,153,39,29,8,2,10,6,161,170,57,60,21,22,15,17,11,9,16,16
21,Unión Española,Universidad de Chile,1,1,,,58,42,13,13,9,7,1,3,3,3,9,2,0,2,13,14,3,2,0,0,14,11,28,23,5,3,0,3,0,2,0,2,,,7,8,6,5,6,8,455,332,382,261,38,25,4,2,11,14,139,125,58,56,9,11,24,20,8,8,21,27
21,Universidad de Concepción,Colo Colo,3,1,,,48,52,8,10,6,3,0,4,2,3,5,5,0,3,20,13,1,2,0,0,13,19,19,31,11,1,2,1,,,,,,,6,8,2,2,2,3,425,429,327,346,38,24,4,6,12,19,151,150,51,68,9,10,17,20,6,17,22,10
21,Cobresal,Everton de Viña del Mar,2,1,,,50,50,16,13,9,3,6,10,1,0,4,1,3,0,9,12,2,2,0,0,9,9,21,20,13,11,3,1,2,1,,,,,9,7,7,6,2,7,488,477,396,385,30,51,4,0,5,19,134,140,58,51,19,10,25,14,11,7,11,7
21,Universidad Católica,O'Higgins,0,0,,,58,42,10,12,1,3,6,4,3,5,6,3,4,5,7,14,1,3,0,0,14,5,21,21,7,13,1,0,1,0,,,,,8,5,2,7,3,1,501,361,435,289,43,29,7,1,5,14,126,128,53,49,10,16,24,14,10,10,12,24
21,Unión La Calera,Antofagasta,2,3,,,66,34,12,16,4,5,6,8,2,3,6,6,1,0,11,17,3,3,0,0,16,10,28,19,11,11,4,2,2,0,1,0,,,9,8,3,8,2,2,544,265,440,169,39,21,9,5,8,17,166,157,63,68,19,18,22,24,8,23,9,18
22,Everton de Viña del Mar,Universidad de Concepción,1,0,,,55,45,18,6,4,0,9,4,5,2,6,2,0,2,17,7,1,2,0,1,7,15,30,26,5,9,,,,,,,,,12,2,6,4,0,3,443,378,355,275,41,40,11,2,15,8,156,143,52,56,20,17,11,18,7,11,14,27
22,Coquimbo Unido,Antofagasta,1,1,,,61,39,15,8,6,1,5,6,4,1,5,4,5,0,15,9,0,1,0,0,9,15,30,27,8,8,4,2,3,1,,,,,8,6,7,2,0,5,476,303,362,194,37,36,9,5,9,12,185,158,57,71,26,26,13,20,17,13,8,28
22,Universidad de Chile,Palestino,2,3,,,51,49,9,9,2,5,6,3,1,1,5,4,0,1,15,18,1,3,0,0,17,14,19,22,7,8,3,2,1,1,,,,,5,7,4,2,1,0,361,349,284,271,32,20,7,3,12,4,121,118,60,45,17,9,14,19,16,18,17,12
22,Curicó Unido,Universidad Católica,1,4,,,47,53,11,18,3,12,4,4,4,2,1,5,3,4,16,12,1,2,0,0,11,15,27,21,6,4,0,6,0,5,0,1,,,4,12,7,6,8,2,399,450,318,358,21,42,1,6,15,10,144,139,57,69,10,21,22,27,11,7,12,14
22,Unión Española,Deportes Iquique,4,0,,,50,50,9,11,5,1,3,8,1,2,5,6,5,2,14,11,0,5,0,0,10,14,28,22,11,8,2,0,1,0,2,0,,,7,5,2,6,1,2,365,363,278,278,20,30,4,3,6,7,139,139,48,49,14,12,18,17,9,8,35,15
22,Audax Italiano,Colo Colo,2,4,,,45,55,11,19,5,9,6,7,0,3,1,5,0,1,14,10,6,5,1,0,10,13,23,21,13,9,4,7,2,3,0,3,,,6,14,5,5,5,3,329,393,249,305,39,28,3,5,8,10,128,136,42,56,12,19,12,14,15,7,16,15
22,Cobresal,Huachipato,1,1,,,50,50,27,17,12,4,8,9,7,4,6,4,7,0,11,10,1,1,0,0,8,8,17,22,13,9,2,1,1,0,,,,,16,6,11,11,3,11,470,460,386,367,44,32,9,2,10,17,130,141,54,52,22,9,15,19,16,5,19,21
22,O'Higgins,Unión La Calera,3,1,,,49,51,12,10,3,3,5,5,4,2,5,2,1,2,17,10,3,2,0,0,8,17,24,24,6,11,2,2,0,1,,,,,6,6,6,4,2,0,420,444,323,359,37,24,4,8,15,10,162,143,48,69,13,14,13,28,5,12,16,19
23,Huachipato,Unión La Calera,1,2,,,51,49,17,6,7,2,7,3,3,1,6,1,1,3,14,16,3,2,1,0,16,13,25,22,5,8,0,1,,,,,,,14,4,3,2,0,6,483,467,393,356,42,47,7,5,22,8,139,151,66,55,17,26,13,8,7,11,15,15
23,Antofagasta,O'Higgins,3,1,,,43,57,15,12,6,6,4,6,5,0,4,9,2,5,12,21,6,4,0,0,19,11,16,17,8,12,2,3,0,2,,,,,10,10,5,2,5,3,269,366,210,295,30,28,5,6,12,3,117,119,56,39,10,11,16,14,21,7,15,14
23,Colo Colo,Universidad de Chile,3,2,,,52,48,13,15,6,5,3,8,4,2,6,2,0,1,13,12,2,5,0,1,10,11,23,17,13,8,2,2,0,1,,,,,9,6,4,9,3,3,370,344,281,260,33,21,8,6,8,6,145,136,55,41,17,10,20,14,7,9,13,15
23,Universidad de Concepción,Unión Española,1,1,,,58,42,11,14,4,6,4,7,3,1,3,9,4,4,20,15,1,4,0,1,14,19,31,23,8,8,1,1,1,1,,,,,7,10,4,4,5,3,426,290,324,179,45,32,6,7,8,10,157,174,57,60,21,22,15,13,18,21,21,8
23,Deportes Iquique,Everton de Viña del Mar,0,0,,,53,47,14,9,3,0,10,3,1,6,5,8,2,2,21,16,4,3,0,0,15,20,28,27,3,15,1,0,1,0,1,1,,,10,4,4,5,0,3,338,298,231,188,16,36,8,5,7,11,169,178,73,72,29,27,23,15,9,11,19,23
23,Palestino,Curicó Unido,4,2,,,53,47,17,14,11,4,5,5,1,5,5,4,2,1,13,12,5,3,1,0,12,13,19,24,9,6,5,1,2,0,2,0,,,13,8,4,6,2,6,384,328,296,249,39,21,7,3,8,11,125,137,48,46,14,7,16,15,6,8,21,8
23,Universidad Católica,Cobresal,5,0,,,58,42,12,12,6,3,5,6,1,3,4,2,1,3,7,8,1,1,0,0,7,7,17,21,11,8,2,0,1,0,1,0,,,8,7,4,5,3,1,573,412,494,327,36,16,2,4,9,3,129,135,49,38,7,7,26,21,13,18,11,12
23,Coquimbo Unido,Audax Italiano,1,0,,,57,43,14,11,4,2,9,6,1,3,7,3,3,2,10,19,2,2,0,0,16,10,21,29,9,12,5,0,4,0,,,,,11,4,3,7,2,3,435,342,327,230,41,26,10,1,0,5,177,155,49,54,18,20,16,19,10,8,10,33
24,O'Higgins,Universidad de Concepción,1,2,,,57,43,16,13,4,5,10,7,2,1,4,2,3,0,19,16,5,5,1,0,14,18,25,22,9,13,3,2,3,1,,,,,9,8,7,5,4,3,409,296,343,238,35,36,7,12,16,8,114,107,51,51,8,11,15,17,12,13,12,14
24,Cobresal,Palestino,3,2,,,51,49,17,14,9,4,7,8,1,2,7,3,4,1,11,17,1,4,0,0,16,10,21,15,9,8,1,2,0,1,,,,,8,9,9,5,2,6,409,392,332,307,22,32,2,5,21,11,128,120,58,45,13,14,9,11,14,3,20,25
24,Unión Española,Coquimbo Unido,3,1,,,53,47,12,5,6,2,5,3,1,0,2,6,2,5,16,15,3,3,0,0,14,15,37,33,9,7,4,3,2,2,,,,,6,4,6,1,1,3,392,330,295,221,27,25,4,2,5,9,152,174,45,47,9,7,18,16,11,14,32,10
24,Antofagasta,Audax Italiano,1,0,,,55,45,8,11,3,4,5,5,0,2,2,4,6,2,8,16,2,2,0,0,14,8,30,37,7,7,0,2,0,2,,,,,2,5,6,6,4,2,408,319,316,213,35,33,6,9,14,8,159,173,61,47,21,17,13,15,17,5,22,16
24,Unión La Calera,Universidad Católica,1,0,,,43,57,12,8,5,1,4,4,3,3,3,4,2,3,18,17,5,3,0,0,15,17,23,19,7,3,3,0,2,0,1,0,,,5,1,7,7,1,4,365,472,277,370,41,55,6,3,9,13,141,156,58,69,23,23,13,18,13,10,26,15
24,Colo Colo,Huachipato,2,2,,,51,49,13,12,5,5,5,7,3,0,10,4,5,1,8,11,1,2,0,0,10,6,29,11,6,7,0,1,,,0,2,,,8,6,5,6,3,2,412,404,326,335,20,33,8,1,17,6,142,116,56,41,12,6,17,23,9,12,10,28
24,Everton de Viña del Mar,Curicó Unido,2,1,,,39,61,16,7,8,4,6,2,2,1,4,7,5,2,18,13,6,1,1,1,11,15,24,26,6,7,6,2,4,1,2,0,,,13,6,3,1,3,6,296,461,191,352,30,28,4,3,8,8,162,172,61,53,30,17,13,14,14,11,20,14
24,Universidad de Chile,Deportes Iquique,2,1,,,58,42,15,8,5,3,6,3,4,2,6,4,3,7,14,15,2,4,0,1,14,12,27,20,6,10,1,0,,,,,,,8,2,7,6,2,4,377,269,294,193,37,29,6,4,12,3,137,124,65,50,29,11,10,24,10,10,18,27
26,Cobresal,Unión Española,3,2,,,44,56,18,24,9,11,7,7,2,6,2,5,4,1,10,11,2,0,0,0,10,9,20,30,10,11,6,1,4,1,3,1,,,13,11,5,13,9,5,353,446,279,363,39,30,8,4,15,17,127,135,48,46,9,3,15,17,9,3,22,4
